CoCNumber,CoCName,TotalHomeless2016,HomelessVeterans2016,HomelessUnder25Youth2016,"Sheltered Homeless, 2016","Unsheltered Homeless, 2016","Homeless Individuals, 2016","Sheltered Homeless Individuals, 2016","Unsheltered Homeless Individuals, 2016","Homeless People in Families, 2016","Sheltered Homeless People in Families, 2016","Unsheltered Homeless People in Families, 2016","Chronically Homeless, 2016","Sheltered Chronically Homeless, 2016","Unsheltered Chronically Homeless, 2016","Chronically Homeless Individuals, 2016","Sheltered Chronically Homeless Individuals, 2016","Unsheltered Chronically Homeless Individuals, 2016","Chronically Homeless People in Families, 2016","Sheltered Chronically Homeless People in Families, 2016","Unsheltered Chronically Homeless People in Families, 2016","Sheltered Homeless Veterans, 2016","Unsheltered Homeless Veterans, 2016","Sheltered Homeless Unaccompanied Youth (Under 25), 2016","Unsheltered Homeless Unaccompanied Youth (Under 25), 2016","Homeless Unaccompanied Children (Under 18), 2016","Sheltered Homeless Unaccompanied Children (Under 18), 2016","Unsheltered Homeless Unaccompanied Children (Under 18), 2016","Homeless Unaccompanied Young Adults (Age 18-24), 2016","Sheltered Homeless Unaccompanied Young Adults (Age 18-24), 2016","Unsheltered Homeless Unaccompanied Young Adults (Age 18-24), 2016","Parenting Youth (Under 25), 2016","Sheltered Parenting Youth (Under 25), 2016","Unsheltered Parenting Youth (Under 25), 2016","Parenting Youth Under 18, 2016","Sheltered Parenting Youth Under 18, 2016","Unsheltered Parenting Youth Under 18, 2016","Parenting Youth Age 18-24, 2016","Sheltered Parenting Youth Age 18-24, 2016","Unsheltered Parenting Youth Age 18-24, 2016","Children of Parenting Youth, 2016","Sheltered Children of Parenting Youth, 2016","Unsheltered Children of Parenting Youth, 2016"
CA-600,Los Angeles City & County,43854,2728,3086,11073,32781,37726,6776,30950,6128,4297,1831,13468,660,12808,12970,616,12354,498,44,454,1243,1485,814,2272,125,42,83,2961,772,2189,196,148,48,0,0,0,196,148,48,258,190,68
NY-600,New York City,73523,559,1805,70685,2838,28965,26127,2838,44558,44558,0,4294,2481,1813,3230,1417,1813,1064,1064,0,527,32,1653,152,23,20,3,1782,1633,149,2261,2261,0,0,0,0,2261,2261,0,2681,2681,0
NV-500,Las Vegas/Clark County,6208,730,1531,2477,3731,5851,2131,3720,357,346,11,285,32,253,285,32,253,0,0,0,328,402,215,1316,279,15,264,1252,200,1052,28,23,5,1,1,0,27,22,5,36,31,5
CA-501,San Francisco,6996,580,1488,2638,4358,6309,1984,4325,687,654,33,1932,718,1214,1805,616,1189,127,102,25,228,352,125,1363,131,12,119,1357,113,1244,77,72,5,0,0,0,77,72,5,103,88,15
CA-500,San Jose/Santa Clara City & County,6524,701,885,1897,4627,5585,1021,4564,939,876,63,2146,128,2018,2095,110,1985,51,18,33,255,446,105,780,50,9,41,835,96,739,53,47,6,0,0,0,53,47,6,55,49,6
CA-601,San Diego City and County,8669,1156,830,3729,4940,6955,2297,4658,1714,1432,282,1417,309,1108,1345,258,1087,72,51,21,584,572,257,573,145,31,114,685,226,459,82,82,0,0,0,0,82,82,0,106,106,0
WA-500,Seattle/King County,10730,656,724,6225,4505,7748,3299,4449,2982,2926,56,814,456,358,785,427,358,29,29,0,536,120,389,335,26,25,1,698,364,334,129,129,0,2,2,0,127,127,0,231,231,0
CA-504,Santa Rosa/Petaluma/Sonoma County,2906,274,664,1000,1906,2517,631,1886,389,369,20,747,192,555,699,150,549,48,42,6,54,220,64,600,98,1,97,566,63,503,4,4,0,2,2,0,2,2,0,5,5,0
OR-505,Oregon Balance of State,5710,525,601,1859,3851,3429,1308,2121,2281,551,1730,1078,214,864,919,201,718,159,13,146,207,318,150,451,179,21,158,422,129,293,66,30,36,0,0,0,66,30,36,89,46,43
TX-607,Texas Balance of State (BoS),6048,64,457,3660,2388,3898,1683,2215,2150,1977,173,853,338,515,823,316,507,30,22,8,40,24,192,265,69,22,47,388,170,218,108,102,6,0,0,0,108,102,6,156,143,13
CA-614,San Luis Obispo County,1368,161,406,245,1123,1200,162,1038,168,83,85,418,9,409,388,6,382,30,3,27,48,113,17,389,14,0,14,392,17,375,14,7,7,0,0,0,14,7,7,14,7,7
AZ-502,Phoenix/Mesa/Maricopa County Regional,5702,450,370,4056,1646,3620,1980,1640,2082,2076,6,745,332,413,709,296,413,36,36,0,319,131,260,110,66,60,6,304,200,104,91,91,0,0,0,0,91,91,0,143,143,0
CO-503,Metropolitan Denver Homeless Initiative,5728,722,354,4931,797,3581,2861,720,2147,2070,77,739,528,211,716,509,207,23,19,4,649,73,246,108,34,25,9,320,221,99,95,92,3,1,1,0,94,91,3,149,143,6
CA-507,Marin County,1258,78,354,423,835,1070,244,826,188,179,9,257,24,233,257,24,233,0,0,0,37,41,3,351,6,0,6,348,3,345,0,0,0,0,0,0,0,0,0,0,0,0
GA-500,Atlanta Continuum of Care,4063,369,347,3225,838,3610,2831,779,453,394,59,556,290,266,531,280,251,25,10,15,366,3,329,18,5,5,0,342,324,18,22,21,1,0,0,0,22,21,1,37,36,1
CA-506,"Salinas/Monterey, San Benito Counties",3022,204,322,915,2107,2536,442,2094,486,473,13,660,98,562,631,69,562,29,29,0,83,121,50,272,46,0,46,276,50,226,29,29,0,0,0,0,29,29,0,29,29,0
WA-501,Washington Balance of State,5294,422,313,2759,2535,3181,1313,1868,2113,1446,667,788,128,660,693,102,591,95,26,69,213,209,146,167,21,15,6,292,131,161,86,72,14,0,0,0,86,72,14,114,97,17
IL-510,Chicago,5889,601,309,4646,1243,3721,2488,1233,2168,2158,10,343,110,233,334,110,224,9,0,9,399,202,281,28,4,2,2,305,279,26,192,192,0,1,1,0,191,191,0,279,279,0
CA-508,Watsonville/Santa Cruz City & County,1959,146,303,605,1354,1454,306,1148,505,299,206,573,156,417,498,123,375,75,33,42,33,113,54,249,32,4,28,271,50,221,34,20,14,0,0,0,34,20,14,42,21,21
OR-501,Portland-Gresham-Multnomah County,3914,420,284,2027,1887,3209,1480,1729,705,547,158,1053,178,875,1000,163,837,53,15,38,224,196,148,136,4,2,2,280,146,134,35,33,2,0,0,0,35,33,2,49,46,3
PA-500,Philadelphia,6112,293,282,5407,705,3430,2725,705,2682,2682,0,853,451,402,774,372,402,79,79,0,276,17,257,25,20,20,0,262,237,25,291,291,0,1,1,0,290,290,0,412,412,0
CA-502,Oakland/Alameda County,4145,401,271,1748,2397,3148,995,2153,997,753,244,753,214,539,668,167,501,85,47,38,170,231,200,71,11,11,0,260,189,71,65,65,0,0,0,0,65,65,0,71,71,0
FL-518,"Columbia, Hamilton, Lafayette, Suwannee Counties",1145,140,266,96,1049,885,54,831,260,42,218,216,7,209,175,5,170,41,2,39,28,112,13,253,13,11,2,253,2,251,3,1,2,0,0,0,3,1,2,5,1,4
CA-503,Sacramento City & County,2500,308,250,1552,948,1921,1010,911,579,542,37,540,222,318,507,194,313,33,28,5,166,142,100,150,6,2,4,244,98,146,47,47,0,0,0,0,47,47,0,64,64,0
IN-502,Indiana Balance of State,3711,283,243,3161,550,2367,1842,525,1344,1319,25,373,215,158,357,199,158,16,16,0,243,40,186,57,25,24,1,218,162,56,49,48,1,0,0,0,49,48,1,73,70,3
TX-700,"Houston, Pasadena, Conroe/Harris, Ft. Bend, Montgomery, Counties",4031,523,239,2835,1196,3055,1869,1186,976,966,10,516,132,384,511,127,384,5,5,0,376,147,162,77,17,13,4,222,149,73,34,34,0,0,0,0,34,34,0,56,56,0
CA-509,Mendocino County,1242,19,236,192,1050,1147,140,1007,95,52,43,177,76,101,177,76,101,0,0,0,5,14,21,215,0,0,0,236,21,215,3,2,1,0,0,0,3,2,1,3,2,1
MN-500,Minneapolis/Hennepin County,3056,137,222,2886,170,1465,1295,170,1591,1591,0,390,332,58,360,302,58,30,30,0,126,11,202,20,21,20,1,201,182,19,84,84,0,0,0,0,84,84,0,172,172,0
LA-503,New Orleans/Jefferson Parish,1626,92,218,909,717,1438,731,707,188,178,10,403,118,285,403,118,285,0,0,0,85,7,108,110,9,9,0,209,99,110,10,10,0,0,0,0,10,10,0,18,18,0
DC-500,District of Columbia,8350,350,211,8032,318,3683,3365,318,4667,4667,0,1597,1357,240,1501,1261,240,96,96,0,322,28,178,33,10,10,0,201,168,33,527,527,0,0,0,0,527,527,0,688,688,0
GA-501,Georgia Balance of State,5575,468,210,2057,3518,3392,660,2732,2183,1397,786,883,50,833,793,36,757,90,14,76,48,420,48,162,5,1,4,205,47,158,32,26,6,0,0,0,32,26,6,43,24,19
PA-509,Eastern Pennsylvania,2599,111,209,1996,603,1391,909,482,1208,1087,121,159,99,60,143,85,58,16,14,2,97,14,156,53,17,15,2,192,141,51,95,89,6,0,0,0,95,89,6,135,129,6
CO-500,Colorado Balance of State,3520,291,204,1689,1831,2006,920,1086,1514,769,745,703,182,521,571,167,404,132,15,117,133,158,75,129,4,0,4,200,75,125,54,35,19,1,0,1,53,35,18,59,37,22
NY-603,"Nassau, Suffolk Counties/Babylon/Islip/ Huntington",3960,144,203,3845,115,1076,963,113,2884,2882,2,174,157,17,94,77,17,80,80,0,141,3,196,7,13,13,0,190,183,7,156,156,0,0,0,0,156,156,0,233,233,0
FL-519,Pasco County,1055,100,188,195,860,793,113,680,262,82,180,404,13,391,267,13,254,137,0,137,30,70,14,174,127,3,124,61,11,50,17,2,15,0,0,0,17,2,15,28,4,24
FL-600,Miami/Dade County,4235,157,177,3253,982,3182,2202,980,1053,1051,2,472,135,337,435,98,337,37,37,0,126,31,165,12,46,45,1,131,120,11,46,46,0,0,0,0,46,46,0,90,90,0
WI-500,Wisconsin Balance of State,3445,236,170,3313,132,1547,1428,119,1898,1885,13,187,164,23,129,106,23,58,58,0,228,8,147,23,2,2,0,168,145,23,132,132,0,0,0,0,132,132,0,178,178,0
CA-609,San Bernardino City & County,1887,122,169,696,1191,1422,297,1125,465,399,66,405,20,385,376,16,360,29,4,25,29,93,46,123,25,7,18,144,39,105,15,12,3,0,0,0,15,12,3,25,19,6
NJ-504,Newark/Essex County,1779,52,169,1336,443,1171,738,433,608,598,10,97,8,89,94,5,89,3,3,0,32,20,143,26,14,14,0,155,129,26,60,60,0,0,0,0,60,60,0,74,74,0
HI-501,Honolulu,4940,413,168,2767,2173,2797,923,1874,2143,1844,299,1090,121,969,994,107,887,96,14,82,224,189,57,111,23,6,17,145,51,94,59,43,16,1,0,1,58,43,15,55,42,13
TX-500,San Antonio/Bexar County,2781,263,167,1644,1137,2048,949,1099,733,695,38,521,217,304,493,196,297,28,21,7,164,99,77,90,29,19,10,138,58,80,11,11,0,0,0,0,11,11,0,11,11,0
MI-500,Michigan Balance of State,1466,66,162,1244,222,815,626,189,651,618,33,43,24,19,43,24,19,0,0,0,48,18,124,38,25,21,4,137,103,34,30,29,1,0,0,0,30,29,1,33,31,2
MO-500,St. Louis County,465,51,162,417,48,256,212,44,209,205,4,18,8,10,18,8,10,0,0,0,49,2,149,13,108,107,1,54,42,12,13,13,0,0,0,0,13,13,0,13,13,0
NC-503,North Carolina Balance of State,2963,136,161,2128,835,1851,1293,558,1112,835,277,348,165,183,257,134,123,91,31,60,82,54,110,51,15,5,10,146,105,41,34,34,0,0,0,0,34,34,0,58,58,0
CA-608,Riverside City & County,2165,211,157,814,1351,1900,579,1321,265,235,30,378,77,301,369,70,299,9,7,2,111,100,75,82,17,16,1,140,59,81,10,9,1,0,0,0,10,9,1,13,12,1
MO-604a,"Kansas City, Independence, Lee’s Summit/Jackson, Wyandotte Counties, MO & KS",1699,197,154,1465,234,1170,946,224,529,519,10,475,397,78,385,309,76,90,88,2,176,21,95,59,50,26,24,104,69,35,20,20,0,5,5,0,15,15,0,25,25,0
TX-600,Dallas City & County/Irving,3810,307,153,3071,739,2633,1900,733,1177,1171,6,597,464,133,566,433,133,31,31,0,253,54,130,23,34,34,0,119,96,23,51,51,0,4,4,0,47,47,0,72,72,0
MI-501,Detroit,2335,354,151,2142,193,1694,1508,186,641,634,7,329,226,103,307,204,103,22,22,0,336,18,146,5,4,4,0,147,142,5,67,66,1,2,2,0,65,64,1,99,97,2
CA-516,"Redding/Shasta, Siskiyou, Lassen, Plumas, Del Norte, Modoc, Sierra Counties",1272,98,151,312,960,1065,224,841,207,88,119,425,57,368,394,49,345,31,8,23,32,66,21,130,7,0,7,144,21,123,0,0,0,0,0,0,0,0,0,0,0,0
MN-501,Saint Paul/Ramsey County,1346,48,151,1210,136,802,675,127,544,535,9,210,179,31,175,151,24,35,28,7,47,1,133,18,17,17,0,134,116,18,50,50,0,5,5,0,45,45,0,76,76,0
CA-602,Santa Ana/Anaheim/Orange County,4319,455,145,2118,2201,3028,833,2195,1291,1285,6,716,269,447,711,264,447,5,5,0,99,356,40,105,14,12,2,131,28,103,32,32,0,0,0,0,32,32,0,42,42,0
FL-601,Ft Lauderdale/Broward County,2302,210,144,1520,782,1844,1085,759,458,435,23,430,150,280,400,139,261,30,11,19,129,81,107,37,14,6,8,130,101,29,19,18,1,0,0,0,19,18,1,25,24,1
HI-500,Hawaii Balance of State,2981,257,141,846,2135,1793,359,1434,1188,487,701,859,16,843,665,13,652,194,3,191,40,217,25,116,3,0,3,138,25,113,33,9,24,0,0,0,33,9,24,30,8,22
CA-603,Santa Maria/Santa Barbara County,1813,122,133,923,890,1385,577,808,428,346,82,453,122,331,426,122,304,27,0,27,43,79,75,58,9,7,2,124,68,56,9,9,0,0,0,0,9,9,0,10,10,0
ME-500,Maine Balance of State,1482,104,133,1415,67,774,721,53,708,694,14,87,67,20,72,52,20,15,15,0,90,14,120,13,31,29,2,102,91,11,28,26,2,3,3,0,25,23,2,32,31,1
NV-501,Reno/Sparks/Washoe County,989,111,129,869,120,877,757,120,112,112,0,35,11,24,35,11,24,0,0,0,103,8,90,39,13,13,0,116,77,39,4,4,0,0,0,0,4,4,0,4,4,0
FL-502,St. Petersburg/Clearwater/Largo/Pinellas County,2777,380,127,1638,1139,2383,1263,1120,394,375,19,607,141,466,603,141,462,4,0,4,269,111,89,38,34,34,0,93,55,38,14,13,1,3,3,0,11,10,1,23,21,2
NE-501,Omaha/Council Bluffs,1509,134,125,1452,57,1110,1053,57,399,399,0,200,168,32,167,135,32,33,33,0,128,6,125,0,8,8,0,117,117,0,5,5,0,0,0,0,5,5,0,7,7,0
OH-503,Columbus/Franklin County,1724,133,125,1385,339,1263,924,339,461,461,0,160,44,116,156,40,116,4,4,0,103,30,99,26,7,7,0,118,92,26,45,45,0,1,1,0,44,44,0,60,60,0
WI-501,Milwaukee City & County,1415,97,123,1208,207,856,652,204,559,556,3,58,43,15,58,43,15,0,0,0,87,10,84,39,16,11,5,107,73,34,36,36,0,0,0,0,36,36,0,63,63,0
AZ-501,Tucson/Pima County,1765,281,121,1384,381,1305,926,379,460,458,2,213,93,120,211,91,120,2,2,0,232,49,107,14,16,15,1,105,92,13,44,44,0,0,0,0,44,44,0,60,60,0
OH-507,Ohio Balance of State,3032,207,120,2587,445,1675,1296,379,1357,1291,66,182,78,104,173,78,95,9,0,9,179,28,112,8,2,2,0,118,110,8,84,79,5,0,0,0,84,79,5,119,112,7
KY-500,Kentucky Balance of State,2057,164,119,1484,573,1240,822,418,817,662,155,93,31,62,79,29,50,14,2,12,130,34,80,39,8,8,0,111,72,39,42,39,3,0,0,0,42,39,3,59,55,4
NY-500,Rochester/Irondequoit/Greece/Monroe County,860,66,119,791,69,541,477,64,319,314,5,184,164,20,181,164,17,3,0,3,60,6,110,9,25,24,1,94,86,8,38,38,0,1,1,0,37,37,0,50,50,0
OK-502,Oklahoma City,1511,157,118,1204,307,1202,895,307,309,309,0,320,207,113,286,173,113,34,34,0,124,33,108,10,0,0,0,118,108,10,11,11,0,0,0,0,11,11,0,22,22,0
OR-500,Eugene/Springfield/Lane County,1451,162,114,517,934,1227,388,839,224,129,95,574,86,488,506,71,435,68,15,53,52,110,47,67,13,7,6,101,40,61,4,3,1,0,0,0,4,3,1,4,3,1
CA-518,Vallejo/Solano County,1118,119,114,323,795,955,177,778,163,146,17,259,41,218,252,38,214,7,3,4,54,65,6,108,9,0,9,105,6,99,3,2,1,1,1,0,2,1,1,5,4,1
IA-501,Iowa Balance of State,1923,58,112,1858,65,822,757,65,1101,1101,0,101,88,13,83,70,13,18,18,0,55,3,105,7,17,17,0,95,88,7,69,69,0,0,0,0,69,69,0,106,106,0
TX-503,Austin/Travis County,2138,257,111,1322,816,1513,704,809,625,618,7,742,173,569,736,170,566,6,3,3,150,107,67,44,10,9,1,101,58,43,39,39,0,1,1,0,38,38,0,67,67,0
PA-600,Pittsburgh/McKeesport/Penn Hills/Allegheny County,1156,167,110,1108,48,755,707,48,401,401,0,94,74,20,94,74,20,0,0,0,164,3,108,2,0,0,0,110,108,2,18,18,0,0,0,0,18,18,0,30,30,0
AL-500,"Birmingham/Jefferson, St. Clair, Shelby Counties",1228,158,110,1032,196,927,743,184,301,289,12,92,29,63,92,29,63,0,0,0,156,2,88,22,9,9,0,101,79,22,12,12,0,5,5,0,7,7,0,19,19,0
MO-501,St.Louis City,1248,140,108,1150,98,788,690,98,460,460,0,168,132,36,133,97,36,35,35,0,137,3,104,4,1,1,0,107,103,4,41,41,0,0,0,0,41,41,0,82,82,0
MO-606,Missouri Balance of State,1431,115,108,1056,375,837,567,270,594,489,105,201,137,64,134,89,45,67,48,19,88,27,86,22,36,31,5,72,55,17,22,18,4,0,0,0,22,18,4,26,23,3
CA-510,Turlock/Modesto/Stanislaus County,1434,74,108,704,730,1147,485,662,287,219,68,361,114,247,238,106,132,123,8,115,39,35,46,62,10,10,0,98,36,62,14,9,5,4,4,0,10,5,5,14,9,5
FL-510,"Jacksonville-Duval, Clay Counties",1959,130,107,1518,441,1466,1025,441,493,493,0,337,193,144,325,181,144,12,12,0,104,26,80,27,22,22,0,85,58,27,7,7,0,0,0,0,7,7,0,10,10,0
FL-509,"Fort Pierce/St. Lucie, Indian River, Martin Counties",2382,50,105,248,2134,925,62,863,1457,186,1271,77,0,77,77,0,77,0,0,0,3,47,28,77,8,8,0,97,20,77,17,8,9,0,0,0,17,8,9,31,19,12
CA-522,Humboldt County,1134,131,102,198,936,989,100,889,145,98,47,377,0,377,362,0,362,15,0,15,39,92,18,84,22,18,4,80,0,80,0,0,0,0,0,0,0,0,0,0,0,0
SC-503,Myrtle Beach/Sumter City & County,1322,231,101,490,832,965,358,607,357,132,225,229,49,180,211,45,166,18,4,14,43,188,42,59,12,10,2,89,32,57,14,13,1,1,1,0,13,12,1,29,28,1
CA-514,Fresno/Madera County,1883,228,101,452,1431,1684,276,1408,199,176,23,546,18,528,529,18,511,17,0,17,84,144,44,57,2,2,0,99,42,57,25,25,0,1,1,0,24,24,0,30,30,0
MT-500,Montana Statewide,1418,165,100,788,630,844,443,401,574,345,229,137,26,111,117,21,96,20,5,15,92,73,52,48,13,4,9,87,48,39,22,16,6,0,0,0,22,16,6,22,18,4
OH-505,Dayton/Kettering/Montgomery County,751,60,100,708,43,555,512,43,196,196,0,56,42,14,56,42,14,0,0,0,59,1,94,6,2,2,0,98,92,6,21,21,0,0,0,0,21,21,0,39,39,0
OK-507,Southeastern Oklahoma Regional,436,19,99,217,219,345,166,179,91,51,40,65,20,45,48,13,35,17,7,10,14,5,43,56,26,22,4,73,21,52,7,6,1,0,0,0,7,6,1,8,7,1
AZ-500,Arizona Balance of State,2240,305,98,1023,1217,1734,658,1076,506,365,141,437,43,394,407,36,371,30,7,23,112,193,64,34,18,17,1,80,47,33,15,15,0,1,1,0,14,14,0,19,19,0
NM-501,New Mexico Balance of State,1041,75,98,770,271,689,434,255,352,336,16,394,213,181,363,192,171,31,21,10,27,48,83,15,35,34,1,63,49,14,8,8,0,0,0,0,8,8,0,11,11,0
FL-500,"Sarasota/Bradenton/Manatee, Sarasota Counties",1468,161,97,804,664,1219,607,612,249,197,52,311,42,269,294,39,255,17,3,14,99,62,70,27,20,18,2,77,52,25,11,11,0,0,0,0,11,11,0,13,13,0
PR-502,Puerto Rico Balance of Commonwealth,2343,79,97,789,1554,2046,559,1487,297,230,67,881,60,821,806,52,754,75,8,67,7,72,37,60,1,0,1,96,37,59,18,18,0,0,0,0,18,18,0,19,19,0
NY-505,"Syracuse, Auburn/Onondaga, Oswego, Cayuga Counties",867,56,97,840,27,605,585,20,262,255,7,62,60,2,45,43,2,17,17,0,56,0,90,7,16,16,0,81,74,7,41,38,3,5,5,0,36,33,3,45,41,4
FL-507,"Orlando/Orange, Osceola, Seminole Counties",1670,231,96,1537,133,1094,961,133,576,576,0,106,82,24,106,82,24,0,0,0,225,6,92,4,0,0,0,96,92,4,22,22,0,0,0,0,22,22,0,41,41,0
CO-504,Colorado Springs/El Paso County,1302,168,95,991,311,863,571,292,439,420,19,387,239,148,355,207,148,32,32,0,124,44,62,33,1,1,0,94,61,33,8,6,2,0,0,0,8,6,2,9,7,2
AK-500,Anchorage,1105,89,94,865,240,905,665,240,200,200,0,50,48,2,48,46,2,2,2,0,60,29,84,10,3,3,0,91,81,10,6,6,0,0,0,0,6,6,0,6,6,0
CT-505,Connecticut Balance of State,3016,163,91,2499,517,2045,1534,511,971,965,6,369,226,143,356,213,143,13,13,0,131,32,74,17,1,1,0,90,73,17,49,48,1,0,0,0,49,48,1,76,75,1
CA-505,Richmond/Contra Costa County,1730,136,91,620,1110,1366,385,981,364,235,129,384,164,220,346,145,201,38,19,19,51,85,40,51,6,5,1,85,35,50,21,13,8,0,0,0,21,13,8,21,14,7
FL-505,"Fort Walton Beach/Okaloosa, Walton Counties",629,37,91,272,357,521,169,352,108,103,5,306,63,243,267,24,243,39,39,0,10,27,44,47,39,8,31,52,36,16,3,2,1,0,0,0,3,2,1,7,5,2
MN-505,St. Cloud/Central Minnesota,669,25,91,502,167,349,228,121,320,274,46,18,12,6,10,4,6,8,8,0,24,1,65,26,10,2,8,81,63,18,23,22,1,0,0,0,23,22,1,22,21,1
IN-503,Indianapolis,1619,326,90,1489,130,1162,1032,130,457,457,0,162,110,52,128,76,52,34,34,0,317,9,76,14,4,4,0,86,72,14,27,27,0,0,0,0,27,27,0,58,58,0
WA-503,Tacoma/Lakewood/Pierce County,1762,190,90,1268,494,1062,637,425,700,631,69,388,182,206,307,127,180,81,55,26,100,90,65,25,9,9,0,81,56,25,31,30,1,0,0,0,31,30,1,41,39,2
NM-500,Albuquerque,1222,139,90,1039,183,867,693,174,355,346,9,255,165,90,240,150,90,15,15,0,123,16,80,10,34,34,0,56,46,10,6,6,0,0,0,0,6,6,0,12,12,0
CA-604,Bakersfield/Kern County,1067,99,89,561,506,875,381,494,192,180,12,272,65,207,254,53,201,18,12,6,65,34,31,58,0,0,0,89,31,58,5,5,0,0,0,0,5,5,0,11,11,0
TN-504,Nashville/Davidson County,2365,230,88,1692,673,2069,1396,673,296,296,0,978,406,572,953,381,572,25,25,0,169,61,70,18,6,6,0,82,64,18,0,0,0,0,0,0,0,0,0,0,0,0
OK-501,Tulsa City & County/Broken Arrow,1043,108,88,893,150,766,633,133,277,260,17,118,60,58,118,60,58,0,0,0,88,20,50,38,1,1,0,87,49,38,14,12,2,0,0,0,14,12,2,18,15,3
OH-502,Cleveland/Cuyahoga County,1697,202,85,1623,74,1360,1286,74,337,337,0,193,156,37,175,138,37,18,18,0,190,12,83,2,0,0,0,85,83,2,25,25,0,0,0,0,25,25,0,48,48,0
NY-604,Yonkers/Mount Vernon/New Rochelle/Westchester,1750,128,85,1716,34,658,624,34,1092,1092,0,131,117,14,126,112,14,5,5,0,126,2,80,5,7,7,0,78,73,5,99,99,0,0,0,0,99,99,0,129,129,0
MD-501,Baltimore City,2725,269,82,2388,337,2027,1690,337,698,698,0,605,437,168,585,417,168,20,20,0,234,35,56,26,6,3,3,76,53,23,57,57,0,0,0,0,57,57,0,87,87,0
AR-503,Arkansas  Balance of State ,734,22,82,369,365,519,272,247,215,97,118,89,22,67,81,20,61,8,2,6,14,8,21,61,0,0,0,82,21,61,4,4,0,0,0,0,4,4,0,4,4,0
NY-503,Albany City & County,748,71,81,722,26,468,442,26,280,280,0,83,63,20,80,60,20,3,3,0,69,2,76,5,10,6,4,71,70,1,16,16,0,3,3,0,13,13,0,21,21,0
WA-504,Everett/Snohomish County,960,58,80,489,471,702,266,436,258,223,35,254,43,211,239,28,211,15,15,0,22,36,37,43,23,16,7,57,21,36,9,8,1,1,1,0,8,7,1,11,9,2
AK-501,Alaska Balance of State,835,79,79,633,202,622,424,198,213,209,4,72,46,26,64,38,26,8,8,0,52,27,53,26,16,16,0,63,37,26,3,3,0,0,0,0,3,3,0,4,4,0
NC-505,Charlotte/Mecklenberg,1818,149,78,1631,187,1168,984,184,650,647,3,191,128,63,170,110,60,21,18,3,124,25,67,11,8,8,0,70,59,11,34,34,0,0,0,0,34,34,0,50,50,0
CA-611,Oxnard/San Buenaventura/Ventura County,1271,78,78,494,777,1011,363,648,260,131,129,303,42,261,296,42,254,7,0,7,21,57,35,43,10,4,6,68,31,37,1,1,0,0,0,0,1,1,0,3,3,0
MN-503,"Dakota, Anoka, Washington, Scott, Carver Counties",618,19,78,411,207,289,135,154,329,276,53,57,48,9,52,43,9,5,5,0,16,3,42,36,14,9,5,64,33,31,19,17,2,0,0,0,19,17,2,23,21,2
UT-500,Salt Lake City & County,1891,275,77,1834,57,1260,1203,57,631,631,0,164,161,3,142,139,3,22,22,0,268,7,76,1,0,0,0,77,76,1,14,14,0,0,0,0,14,14,0,26,26,0
SD-500,South Dakota Statewide,1072,120,77,887,185,548,446,102,524,441,83,44,37,7,34,30,4,10,7,3,109,11,69,8,9,9,0,68,60,8,19,16,3,1,1,0,18,15,3,25,21,4
ID-501,Idaho Balance of State,1380,110,77,767,613,604,318,286,776,449,327,197,64,133,107,19,88,90,45,45,64,46,44,33,8,6,2,69,38,31,34,19,15,0,0,0,34,19,15,41,23,18
OH-500,Cincinnati/Hamilton County,1116,185,76,1056,60,844,784,60,272,272,0,24,24,0,24,24,0,0,0,0,183,2,70,6,7,7,0,69,63,6,12,12,0,0,0,0,12,12,0,18,18,0
TN-507,Jackson/West Tennessee,1541,57,76,163,1378,1119,117,1002,422,46,376,164,14,150,131,11,120,33,3,30,2,55,5,71,1,0,1,75,5,70,27,1,26,0,0,0,27,1,26,32,2,30
TX-601,Fort Worth/Arlington/Tarrant County,1938,205,74,1515,423,1379,981,398,559,534,25,189,109,80,159,79,80,30,30,0,175,30,42,32,11,11,0,63,31,32,15,15,0,0,0,0,15,15,0,22,22,0
ND-500,North Dakota Statewide,923,116,74,707,216,662,509,153,261,198,63,120,41,79,89,41,48,31,0,31,63,53,61,13,10,10,0,64,51,13,13,9,4,0,0,0,13,9,4,18,10,8
MA-500,Boston,6240,222,73,6073,167,2485,2318,167,3755,3755,0,919,900,19,605,586,19,314,314,0,217,5,62,11,4,4,0,69,58,11,37,37,0,0,0,0,37,37,0,37,37,0
NY-508,"Buffalo, Niagara Falls/Erie, Niagara, Orleans, Genesee, Wyoming Counties",962,97,73,905,57,610,553,57,352,352,0,38,23,15,38,23,15,0,0,0,88,9,72,1,26,26,0,47,46,1,17,17,0,0,0,0,17,17,0,22,22,0
CA-524,Yuba City & County/Sutter County,702,21,73,191,511,387,75,312,315,116,199,233,35,198,70,31,39,163,4,159,1,20,7,66,23,1,22,50,6,44,9,5,4,1,1,0,8,4,4,23,8,15
LA-509,Louisiana Balance of State,179,5,70,134,45,153,124,29,26,10,16,0,0,0,0,0,0,0,0,0,5,0,62,8,36,30,6,34,32,2,3,1,2,0,0,0,3,1,2,3,1,2
CA-606,Long Beach,2250,289,69,737,1513,1908,547,1361,342,190,152,838,89,749,800,86,714,38,3,35,195,94,19,50,1,0,1,68,19,49,9,6,3,0,0,0,9,6,3,14,11,3
OR-502,Medford/Ashland/Jackson County,527,76,69,288,239,447,234,213,80,54,26,184,54,130,173,54,119,11,0,11,53,23,42,27,31,25,6,38,17,21,7,7,0,0,0,0,7,7,0,7,7,0
NE-502,Lincoln,694,72,69,662,32,486,454,32,208,208,0,26,22,4,26,22,4,0,0,0,71,1,69,0,20,20,0,49,49,0,8,8,0,0,0,0,8,8,0,11,11,0
CA-519,Chico/Paradise/Butte County,574,49,69,289,285,440,157,283,134,132,2,251,45,206,238,32,206,13,13,0,22,27,33,36,4,4,0,65,29,36,2,2,0,0,0,0,2,2,0,5,5,0
OH-506,Akron/Barberton/Summit County,679,67,68,592,87,470,388,82,209,204,5,45,9,36,45,9,36,0,0,0,61,6,60,8,19,19,0,49,41,8,10,10,0,4,4,0,6,6,0,11,11,0
IL-507,"Peoria/Perkin/Fulton, Peoria, Tazewell, Woodford",378,12,68,308,70,271,212,59,107,96,11,92,67,25,81,59,22,11,8,3,11,1,58,10,0,0,0,68,58,10,11,11,0,0,0,0,11,11,0,11,11,0
SC-501,Greenville/Anderson/Spartanburg Upstate,1829,141,67,1569,260,1187,956,231,642,613,29,304,179,125,251,134,117,53,45,8,115,26,54,13,4,3,1,63,51,12,25,23,2,0,0,0,25,23,2,37,35,2
FL-606,Naples/Collier County,545,5,67,328,217,338,219,119,207,109,98,73,49,24,73,49,24,0,0,0,4,1,56,11,8,8,0,59,48,11,3,3,0,0,0,0,3,3,0,5,5,0
PR-503,South/Southeast Puerto Rico,2075,67,66,532,1543,1753,340,1413,322,192,130,891,151,740,817,151,666,74,0,74,30,37,15,51,5,4,1,61,11,50,13,9,4,0,0,0,13,9,4,24,16,8
CA-515,"Roseville/Rocklin/Placer, Nevada Counties",1021,67,66,522,499,861,437,424,160,85,75,347,110,237,313,93,220,34,17,17,24,43,25,41,1,0,1,65,25,40,3,3,0,0,0,0,3,3,0,3,3,0
SC-502,Columbia/Midlands,1350,224,64,1015,335,1087,763,324,263,252,11,313,166,147,311,164,147,2,2,0,182,42,47,17,4,1,3,60,46,14,8,8,0,1,1,0,7,7,0,9,9,0
FL-506,Tallahassee/Leon County,869,117,64,721,148,635,491,144,234,230,4,81,59,22,78,56,22,3,3,0,88,29,58,6,14,13,1,50,45,5,12,12,0,0,0,0,12,12,0,18,18,0
RI-500,Rhode Island Statewide,1160,89,64,1123,37,859,822,37,301,301,0,144,141,3,136,133,3,8,8,0,89,0,63,1,0,0,0,64,63,1,21,21,0,0,0,0,21,21,0,31,31,0
TN-501,Memphis/Shelby County,1669,240,63,1548,121,1121,1000,121,548,548,0,106,30,76,100,24,76,6,6,0,228,12,60,3,11,11,0,52,49,3,36,36,0,0,0,0,36,36,0,57,57,0
FL-605,West Palm Beach/Palm Beach County,1332,115,63,507,825,1008,236,772,324,271,53,459,31,428,452,28,424,7,3,4,29,86,17,46,2,2,0,61,15,46,27,23,4,1,1,0,26,22,4,45,41,4
PA-601,Western Pennsylvania,986,119,62,917,69,571,505,66,415,412,3,32,27,5,21,16,5,11,11,0,118,1,49,13,0,0,0,62,49,13,23,23,0,2,2,0,21,21,0,30,30,0
KY-502,Lexington/Fayette County,1064,157,61,1043,21,898,877,21,166,166,0,103,93,10,98,88,10,5,5,0,155,2,55,6,8,8,0,53,47,6,11,11,0,0,0,0,11,11,0,18,18,0
NC-504,Greensboro/High Point,721,66,61,637,84,544,460,84,177,177,0,38,23,15,36,21,15,2,2,0,66,0,59,2,15,15,0,46,44,2,5,5,0,0,0,0,5,5,0,6,6,0
FL-513,Palm Bay/Melbourne/Brevard County,827,160,60,644,183,505,352,153,322,292,30,193,43,150,163,43,120,30,0,30,147,13,55,5,30,25,5,30,30,0,13,13,0,0,0,0,13,13,0,13,13,0
NJ-503,"Camden City/Camden, Cumberland, Gloucester, Cape May Counties",1068,151,59,829,239,733,521,212,335,308,27,75,23,52,68,16,52,7,7,0,135,16,50,9,1,1,0,58,49,9,28,27,1,0,0,0,28,27,1,35,33,2
WA-502,Spokane City & County,981,103,59,809,172,677,513,164,304,296,8,188,94,94,158,67,91,30,27,3,90,13,42,17,8,8,0,51,34,17,19,19,0,1,1,0,18,18,0,24,24,0
VA-521,Virginia Balance of State (BoS),654,29,59,498,156,394,263,131,260,235,25,58,34,24,46,22,24,12,12,0,24,5,43,16,0,0,0,59,43,16,14,14,0,0,0,0,14,14,0,21,21,0
NY-501,"Elmira/Steuben, Allegany, Livingston, Chemung, Schuyler Counties",506,22,58,380,126,330,241,89,176,139,37,117,47,70,97,34,63,20,13,7,6,16,34,24,0,0,0,58,34,24,8,5,3,0,0,0,8,5,3,10,7,3
MN-509,Duluth/St.Louis County,528,21,58,370,158,330,178,152,198,192,6,110,70,40,62,25,37,48,45,3,13,8,47,11,11,11,0,47,36,11,21,21,0,3,3,0,18,18,0,18,18,0
TX-603,El Paso City & County,1100,71,56,987,113,584,471,113,516,516,0,105,69,36,100,64,36,5,5,0,58,13,47,9,3,3,0,53,44,9,12,12,0,0,0,0,12,12,0,38,38,0
GA-507,Savannah/Chatham County,1070,29,56,553,517,923,406,517,147,147,0,155,35,120,149,29,120,6,6,0,17,12,19,37,7,7,0,49,12,37,2,2,0,0,0,0,2,2,0,4,4,0
FL-501,Tampa/Hillsborough County,1817,181,53,1048,769,1284,577,707,533,471,62,254,61,193,244,53,191,10,8,2,112,69,18,35,3,0,3,50,18,32,19,19,0,1,1,0,18,18,0,28,28,0
ID-500,Boise/Ada County,867,157,53,742,125,680,568,112,187,174,13,140,96,44,120,80,40,20,16,4,138,19,45,8,8,8,0,45,37,8,5,5,0,0,0,0,5,5,0,8,8,0
CA-512,Daly/San Mateo County,1361,136,53,586,775,911,251,660,450,335,115,238,5,233,235,5,230,3,0,3,46,90,27,26,4,4,0,49,23,26,18,15,3,0,0,0,18,15,3,17,12,5
UT-503,Utah Balance of State,738,57,53,600,138,461,343,118,277,257,20,17,14,3,17,14,3,0,0,0,41,16,40,13,10,9,1,43,31,12,3,3,0,0,0,0,3,3,0,4,4,0
FL-511,Pensacola/Escambia/Santa Rosa County,798,112,52,616,182,615,444,171,183,172,11,216,156,60,189,134,55,27,22,5,86,26,46,6,11,11,0,41,35,6,3,3,0,0,0,0,3,3,0,4,4,0
MO-600,"Springfield/Greene, Christian, Webster Counties",496,29,52,284,212,301,113,188,195,171,24,221,37,184,179,19,160,42,18,24,7,22,14,38,4,2,2,48,12,36,10,8,2,0,0,0,10,8,2,12,11,1
IL-514,DuPage County,555,14,52,525,30,204,174,30,351,351,0,37,33,4,37,33,4,0,0,0,13,1,51,1,8,8,0,44,43,1,21,21,0,0,0,0,21,21,0,23,23,0
DE-500,Delaware Statewide,1070,107,51,1019,51,753,702,51,317,317,0,74,72,2,65,63,2,9,9,0,103,4,46,5,0,0,0,51,46,5,10,10,0,0,0,0,10,10,0,20,20,0
VT-500,Vermont Balance of State,785,79,51,691,94,450,373,77,335,318,17,59,44,15,59,44,15,0,0,0,73,6,45,6,1,1,0,50,44,6,41,38,3,0,0,0,41,38,3,44,41,3
AL-507,Alabama Balance of State,827,28,51,459,368,615,353,262,212,106,106,44,5,39,35,5,30,9,0,9,9,19,28,23,2,2,0,49,26,23,5,2,3,0,0,0,5,2,3,5,2,3
CA-513,"Visalia, Kings, Tulare Counties",792,37,50,326,466,646,199,447,146,127,19,251,20,231,241,13,228,10,7,3,4,33,29,21,0,0,0,50,29,21,5,5,0,0,0,0,5,5,0,8,8,0
FL-517,"Hendry, Hardee, Highlands Counties",1071,12,50,313,758,601,126,475,470,187,283,335,37,298,323,25,298,12,12,0,12,0,0,50,50,0,50,0,0,0,0,0,0,0,0,0,0,0,0,0,0,0
GA-502,Fulton County Continuum of Care,483,57,49,422,61,282,228,54,201,194,7,28,28,0,9,9,0,19,19,0,57,0,40,9,0,0,0,49,40,9,13,13,0,0,0,0,13,13,0,13,13,0
NJ-502,Burlington County,926,11,49,913,13,471,458,13,455,455,0,133,133,0,103,103,0,30,30,0,11,0,45,4,0,0,0,49,45,4,27,27,0,0,0,0,27,27,0,31,31,0
NY-602,Newburgh/Middletown/Orange County,343,2,49,323,20,185,165,20,158,158,0,33,15,18,26,8,18,7,7,0,0,2,49,0,11,11,0,38,38,0,7,7,0,0,0,0,7,7,0,10,10,0
OR-503,Central Oregon,602,62,47,197,405,386,153,233,216,44,172,218,9,209,157,9,148,61,0,61,20,42,18,29,5,1,4,42,17,25,1,1,0,0,0,0,1,1,0,1,1,0
CA-521,Davis/Woodland/Yolo County,532,29,47,339,193,322,139,183,210,200,10,89,45,44,75,31,44,14,14,0,13,16,16,31,4,1,3,43,15,28,7,7,0,0,0,0,7,7,0,10,10,0
MO-503,"St. Charles, Lincoln, Warren Counties",610,9,47,380,230,288,148,140,322,232,90,33,7,26,33,7,26,0,0,0,2,7,29,18,5,4,1,42,25,17,16,14,2,0,0,0,16,14,2,14,13,1
FL-514,Ocala/Marion County,823,108,46,295,528,650,198,452,173,97,76,65,0,65,65,0,65,0,0,0,73,35,12,34,7,7,0,39,5,34,7,1,6,0,0,0,7,1,6,7,1,6
LA-504,Baton Rouge,472,64,46,401,71,446,375,71,26,26,0,46,12,34,46,12,34,0,0,0,58,6,42,4,11,11,0,35,31,4,1,1,0,0,0,0,1,1,0,1,1,0
WV-508,West Virginia Balance of State,748,99,45,664,84,573,489,84,175,175,0,84,56,28,82,54,28,2,2,0,91,8,34,11,1,0,1,44,34,10,9,9,0,0,0,0,9,9,0,17,17,0
IL-511,Cook County,952,81,45,842,110,556,446,110,396,396,0,128,103,25,125,100,25,3,3,0,74,7,38,7,1,0,1,44,38,6,17,17,0,0,0,0,17,17,0,26,26,0
NC-507,Raleigh/Wake County,818,78,45,680,138,569,433,136,249,247,2,149,113,36,91,55,36,58,58,0,62,16,40,5,3,3,0,42,37,5,16,16,0,0,0,0,16,16,0,25,25,0
AR-501,Fayetteville/Northwest Arkansas,550,56,45,489,61,359,302,57,191,187,4,90,60,30,76,50,26,14,10,4,45,11,34,11,32,32,0,13,2,11,0,0,0,0,0,0,0,0,0,0,0,0
CA-526,"Amador, Calaveras, Tuolumne and Mariposa Counties",632,35,45,151,481,509,67,442,123,84,39,129,3,126,129,3,126,0,0,0,14,21,3,42,0,0,0,45,3,42,3,1,2,0,0,0,3,1,2,4,2,2
MN-502,Rochester/Southeast Minnesota,423,9,45,409,14,147,133,14,276,276,0,35,28,7,22,15,7,13,13,0,6,3,41,4,0,0,0,45,41,4,10,10,0,0,0,0,10,10,0,15,15,0
MN-506,Northwest Minnesota,290,6,45,288,2,111,109,2,179,179,0,22,22,0,9,9,0,13,13,0,6,0,45,0,12,12,0,33,33,0,24,24,0,0,0,0,24,24,0,27,27,0
FL-508,"Gainesville/Alachua, Putnam Counties",844,123,44,419,425,596,173,423,248,246,2,265,43,222,253,33,220,12,10,2,47,76,34,10,22,22,0,22,12,10,2,2,0,0,0,0,2,2,0,2,2,0
MI-506,Grand Rapids/Wyoming/Kent County,800,76,44,759,41,527,486,41,273,273,0,63,59,4,59,55,4,4,4,0,71,5,36,8,11,11,0,33,25,8,16,16,0,0,0,0,16,16,0,29,29,0
ME-502,Portland,759,42,44,706,53,547,494,53,212,212,0,130,107,23,127,104,23,3,3,0,35,7,41,3,0,0,0,44,41,3,6,6,0,0,0,0,6,6,0,6,6,0
VA-601,Fairfax County,1059,37,44,985,74,484,410,74,575,575,0,149,106,43,146,103,43,3,3,0,25,12,43,1,1,1,0,43,42,1,23,23,0,1,1,0,22,22,0,29,29,0
MA-504,Springfield,2385,25,44,2350,35,379,344,35,2006,2006,0,170,154,16,60,44,16,110,110,0,25,0,42,2,1,0,1,43,42,1,111,111,0,0,0,0,111,111,0,145,145,0
NE-500,Nebraska Balance of State,551,13,44,539,12,284,272,12,267,267,0,7,6,1,7,6,1,0,0,0,12,1,44,0,12,12,0,32,32,0,21,21,0,0,0,0,21,21,0,26,26,0
NH-500,New Hampshire Balance of State,670,25,43,594,76,443,371,72,227,223,4,213,173,40,164,126,38,49,47,2,23,2,42,1,1,0,1,42,42,0,12,11,1,1,1,0,11,10,1,36,34,2
CA-520,Merced City & County,516,25,43,160,356,504,156,348,12,4,8,224,27,197,224,27,197,0,0,0,5,20,14,29,3,0,3,40,14,26,0,0,0,0,0,0,0,0,0,0,0,0
IL-520,Southern Illinois,351,21,43,332,19,175,159,16,176,173,3,24,20,4,24,20,4,0,0,0,20,1,40,3,4,4,0,39,36,3,11,11,0,0,0,0,11,11,0,11,11,0
NY-507,Schenectady City & County,345,13,43,276,69,257,188,69,88,88,0,31,26,5,27,22,5,4,4,0,11,2,25,18,16,2,14,27,23,4,8,8,0,0,0,0,8,8,0,14,14,0
TN-502,Knoxville/Knox County,748,102,41,667,81,674,593,81,74,74,0,134,55,79,120,41,79,14,14,0,98,4,34,7,1,1,0,40,33,7,4,4,0,0,0,0,4,4,0,8,8,0
KY-501,Louisville/Jefferson County,1116,191,40,1004,112,811,701,110,305,303,2,186,111,75,176,101,75,10,10,0,167,24,37,3,5,5,0,35,32,3,20,19,1,0,0,0,20,19,1,32,31,1
VA-500,"Richmond/Henrico, Chesterfield, Hanover Counties",762,118,40,692,70,624,554,70,138,138,0,94,81,13,87,74,13,7,7,0,105,13,36,4,0,0,0,40,36,4,10,10,0,0,0,0,10,10,0,10,10,0
AR-500,Little Rock/Central Arkansas,808,121,39,469,339,742,408,334,66,61,5,208,66,142,206,66,140,2,0,2,84,37,28,11,3,3,0,36,25,11,0,0,0,0,0,0,0,0,0,0,0,0
IA-502,Des Moines/Polk County,793,97,39,724,69,558,489,69,235,235,0,66,36,30,63,33,30,3,3,0,84,13,37,2,1,1,0,38,36,2,22,22,0,0,0,0,22,22,0,27,27,0
TN-510,Murfreesboro/Rutherford County,306,21,39,187,119,238,135,103,68,52,16,37,7,30,21,7,14,16,0,16,15,6,16,23,2,2,0,37,14,23,3,1,2,0,0,0,3,1,2,5,2,3
MI-504,Pontiac/Royal Oak/Oakland County,438,8,39,362,76,272,196,76,166,166,0,37,34,3,37,34,3,0,0,0,6,2,31,8,4,4,0,35,27,8,19,19,0,0,0,0,19,19,0,22,22,0
MS-500,"Jackson/Rankin, Madison Counties",633,65,38,297,336,566,230,336,67,67,0,88,2,86,88,2,86,0,0,0,17,48,21,17,10,10,0,28,11,17,0,0,0,0,0,0,0,0,0,0,0,0
NJ-500,Atlantic City & County,476,59,38,360,116,440,324,116,36,36,0,53,22,31,51,20,31,2,2,0,54,5,37,1,0,0,0,38,37,1,7,7,0,0,0,0,7,7,0,7,7,0
CA-607,Pasadena,530,44,38,178,352,453,104,349,77,74,3,201,47,154,193,39,154,8,8,0,13,31,5,33,1,0,1,37,5,32,2,2,0,0,0,0,2,2,0,3,3,0
NY-608,Kingston/Ulster County,328,13,38,290,38,180,146,34,148,144,4,34,8,26,29,3,26,5,5,0,10,3,34,4,8,8,0,30,26,4,13,13,0,0,0,0,13,13,0,19,19,0
TN-512,"Morristown/Blount, Sevier, Campbell,ke Counties",630,11,38,310,320,342,156,186,288,154,134,93,30,63,68,20,48,25,10,15,3,8,17,21,2,0,2,36,17,19,8,3,5,0,0,0,8,3,5,10,4,6
OR-506,Hillsboro/Beaverton/Washington County,571,63,37,193,378,383,78,305,188,115,73,142,11,131,128,8,120,14,3,11,47,16,6,31,3,2,1,34,4,30,4,2,2,0,0,0,4,2,2,5,2,3
KS-502,Wichita/Sedgwick County,571,46,37,492,79,378,303,75,193,189,4,39,15,24,29,9,20,10,6,4,31,15,26,11,2,2,0,35,24,11,11,10,1,0,0,0,11,10,1,13,12,1
IL-512,Bloomington/Central Illinois,411,25,37,363,48,215,196,19,196,167,29,83,71,12,58,46,12,25,25,0,23,2,34,3,0,0,0,37,34,3,9,7,2,0,0,0,9,7,2,9,7,2
CA-613,Imperial County,380,12,37,128,252,280,28,252,100,100,0,60,0,60,60,0,60,0,0,0,1,11,6,31,0,0,0,37,6,31,13,13,0,0,0,0,13,13,0,13,13,0
OK-503,Oklahoma Balance of State,295,3,37,114,181,153,36,117,142,78,64,71,71,0,45,45,0,26,26,0,3,0,6,31,0,0,0,37,6,31,10,4,6,0,0,0,10,4,6,10,4,6
CA-511,Stockton/San Joaquin County,1780,138,36,1245,535,947,460,487,833,785,48,247,37,210,244,34,210,3,3,0,77,61,23,13,4,4,0,32,19,13,34,34,0,0,0,0,34,34,0,45,45,0
OK-505,Northeast Oklahoma,368,17,36,342,26,237,222,15,131,120,11,35,26,9,26,17,9,9,9,0,15,2,36,0,12,12,0,24,24,0,2,2,0,0,0,0,2,2,0,4,4,0
SC-500,Charleston/Low Country,550,142,34,287,263,519,263,256,31,24,7,142,54,88,140,52,88,2,2,0,112,30,8,26,0,0,0,34,8,26,1,0,1,0,0,0,1,0,1,1,0,1
MD-508,"Charles, Calvert, St.Mary's Counties",464,26,34,213,251,290,148,142,174,65,109,81,44,37,73,39,34,8,5,3,9,17,12,22,6,0,6,28,12,16,6,2,4,0,0,0,6,2,4,12,6,6
FL-603,Ft Myers/Cape Coral/Lee County,439,19,34,256,183,310,162,148,129,94,35,90,20,70,82,20,62,8,0,8,12,7,24,10,10,10,0,24,14,10,2,2,0,0,0,0,2,2,0,2,2,0
MA-509,Cambridge,517,7,34,448,69,399,330,69,118,118,0,129,60,69,123,54,69,6,6,0,7,0,31,3,0,0,0,34,31,3,8,8,0,0,0,0,8,8,0,10,10,0
MS-501,Mississippi Balance of State,785,66,33,479,306,484,276,208,301,203,98,57,17,40,54,17,37,3,0,3,37,29,19,14,0,0,0,33,19,14,13,5,8,0,0,0,13,5,8,22,7,15
PA-506,Reading/Berks County,521,29,33,518,3,356,353,3,165,165,0,19,19,0,19,19,0,0,0,0,29,0,33,0,0,0,0,33,33,0,13,13,0,0,0,0,13,13,0,23,23,0
AL-503,Huntsville/North Alabama,385,29,33,298,87,283,196,87,102,102,0,102,59,43,100,57,43,2,2,0,21,8,18,15,3,3,0,30,15,15,1,1,0,0,0,0,1,1,0,2,2,0
PA-512,York City & County,365,13,33,294,71,164,117,47,201,177,24,14,9,5,10,5,5,4,4,0,13,0,6,27,16,0,16,17,6,11,6,6,0,0,0,0,6,6,0,8,8,0
NY-511,"Binghamton, Union/Broome, Otsego, Chenango, Delaware, Cortland, Tioga Counties C",276,2,33,248,28,226,204,22,50,44,6,0,0,0,0,0,0,0,0,0,2,0,31,2,9,9,0,24,22,2,2,2,0,0,0,0,2,2,0,4,4,0
MA-505,New Bedford,469,61,32,414,55,300,245,55,169,169,0,56,36,20,33,13,20,23,23,0,56,5,26,6,4,4,0,28,22,6,2,2,0,0,0,0,2,2,0,3,3,0
IN-500,South Bend/Mishawaka/St. Joseph County,468,54,32,457,11,295,284,11,173,173,0,54,49,5,49,44,5,5,5,0,54,0,32,0,8,8,0,24,24,0,12,12,0,0,0,0,12,12,0,16,16,0
WA-508,Vancouver/Clark County,688,40,32,463,225,319,208,111,369,255,114,63,30,33,55,28,27,8,2,6,28,12,27,5,5,4,1,27,23,4,8,8,0,2,2,0,6,6,0,12,12,0
MI-505,Flint/Genesee County,377,20,32,290,87,224,149,75,153,141,12,24,16,8,24,16,8,0,0,0,16,4,26,6,3,3,0,29,23,6,15,15,0,0,0,0,15,15,0,29,29,0
IL-518,Rock Island/Moline/Northwestern Illinois,340,14,32,301,39,208,178,30,132,123,9,0,0,0,0,0,0,0,0,0,14,0,26,6,6,6,0,26,20,6,14,14,0,0,0,0,14,14,0,9,9,0
WY-500,Wyoming Statewide,857,87,31,491,366,517,277,240,340,214,126,91,33,58,80,29,51,11,4,7,56,31,24,7,3,1,2,28,23,5,15,12,3,0,0,0,15,12,3,17,14,3
FL-604,Monroe County,575,87,31,305,270,497,259,238,78,46,32,126,8,118,126,8,118,0,0,0,45,42,13,18,5,5,0,26,8,18,2,2,0,0,0,0,2,2,0,2,2,0
MI-503,St. Clair Shores/Warren/Macomb County,403,55,31,354,49,317,268,49,86,86,0,14,10,4,14,10,4,0,0,0,55,0,25,6,3,3,0,28,22,6,12,12,0,0,0,0,12,12,0,20,20,0
WI-503,Madison/Dane County,629,49,31,559,70,360,293,67,269,266,3,116,87,29,87,58,29,29,29,0,44,5,29,2,3,3,0,28,26,2,18,18,0,0,0,0,18,18,0,24,24,0
VA-503,Virginia Beach,389,40,31,339,50,234,184,50,155,155,0,27,19,8,27,19,8,0,0,0,34,6,24,7,10,10,0,21,14,7,2,2,0,0,0,0,2,2,0,5,5,0
NY-523,"Glens Falls/Saratoga Springs/Saratoga, Washington, Warren, Hamilton Counties",268,26,31,252,16,193,177,16,75,75,0,29,29,0,21,21,0,8,8,0,26,0,23,8,6,6,0,25,17,8,7,7,0,0,0,0,7,7,0,11,11,0
NC-509,"Gastonia/Cleveland, Gaston, Lincoln Counties",328,16,31,243,85,238,171,67,90,72,18,36,14,22,31,14,17,5,0,5,13,3,27,4,14,14,0,17,13,4,2,2,0,0,0,0,2,2,0,3,3,0
MA-516,Massachusetts Balance of State,2008,5,31,1947,61,314,253,61,1694,1694,0,281,274,7,28,21,7,253,253,0,5,0,26,5,0,0,0,31,26,5,104,104,0,0,0,0,104,104,0,119,119,0
FL-520,"Citrus, Hernando, Lake, Sumter Counties",595,49,30,303,292,414,157,257,181,146,35,33,10,23,28,5,23,5,5,0,30,19,15,15,0,0,0,30,15,15,9,7,2,0,0,0,9,7,2,16,13,3
FL-504,"Daytona Beach/Daytona/Volusia, Flagler Counties",1005,36,30,424,581,749,212,537,256,212,44,210,13,197,180,13,167,30,0,30,23,13,20,10,11,11,0,19,9,10,7,6,1,0,0,0,7,6,1,7,6,1
NY-601,Poughkeepsie/Dutchess County,385,9,30,363,22,218,202,16,167,161,6,21,4,17,13,4,9,8,0,8,7,2,30,0,8,8,0,22,22,0,4,4,0,0,0,0,4,4,0,4,4,0
NY-518,"Utica/Rome/Oneida, Madison Counties",160,5,30,143,17,106,89,17,54,54,0,22,13,9,20,11,9,2,2,0,1,4,27,3,2,2,0,28,25,3,12,12,0,1,1,0,11,11,0,14,14,0
TX-624,"Wichita Falls/Wise, Palo Pinto, Wichita, Archer Counties",256,0,30,234,22,204,182,22,52,52,0,36,36,0,36,36,0,0,0,0,0,0,30,0,12,12,0,18,18,0,0,0,0,0,0,0,0,0,0,0,0,0
VA-501,"Norfolk/Chesapeake/Suffolk/Isle of Wright, Southampton Counties",723,78,29,638,85,526,463,63,197,175,22,34,28,6,34,28,6,0,0,0,71,7,28,1,0,0,0,29,28,1,13,9,4,0,0,0,13,9,4,19,15,4
MI-508,Lansing/East Lansing/Ingham County,471,54,29,355,116,303,238,65,168,117,51,44,34,10,42,32,10,2,2,0,43,11,21,8,6,6,0,23,15,8,7,7,0,0,0,0,7,7,0,11,11,0
PA-605,Erie City & County,377,23,29,367,10,257,247,10,120,120,0,11,11,0,11,11,0,0,0,0,22,1,29,0,2,2,0,27,27,0,8,8,0,0,0,0,8,8,0,10,10,0
MI-510,Saginaw City & County,343,19,29,326,17,190,180,10,153,146,7,22,19,3,19,16,3,3,3,0,18,1,27,2,5,5,0,24,22,2,11,10,1,1,1,0,10,9,1,20,19,1
MI-507,Portage/Kalamazoo City & County,374,14,29,366,8,162,154,8,212,212,0,18,18,0,16,16,0,2,2,0,14,0,27,2,8,8,0,21,19,2,20,20,0,2,2,0,18,18,0,30,30,0
MI-512,"Grand Traverse, Antrim, Leelanau Counties",243,14,29,233,10,204,194,10,39,39,0,38,36,2,38,36,2,0,0,0,14,0,29,0,15,15,0,14,14,0,2,2,0,0,0,0,2,2,0,2,2,0
CT-503,Bridgeport/Norwalk /Stamford/Fairfield County,886,53,28,730,156,525,369,156,361,361,0,98,56,42,83,41,42,15,15,0,42,11,23,5,7,7,0,21,16,5,12,12,0,0,0,0,12,12,0,17,17,0
GA-508,DeKalb County Continuum of Care,473,32,28,315,158,233,75,158,240,240,0,24,5,19,21,2,19,3,3,0,19,13,7,21,0,0,0,28,7,21,12,12,0,0,0,0,12,12,0,17,17,0
NJ-501,Bergen County,296,10,28,285,11,185,174,11,111,111,0,10,5,5,10,5,5,0,0,0,10,0,28,0,5,5,0,23,23,0,4,4,0,0,0,0,4,4,0,5,5,0
KS-507,Kansas Balance of State,903,41,27,807,96,396,306,90,507,501,6,85,45,40,66,26,40,19,19,0,40,1,27,0,9,9,0,18,18,0,0,0,0,0,0,0,0,0,0,0,0,0
NC-516,Northwest North Carolina,520,7,27,116,404,216,69,147,304,47,257,19,11,8,19,11,8,0,0,0,4,3,15,12,0,0,0,27,15,12,12,0,12,0,0,0,12,0,12,11,0,11
MA-506,Worcester City & County,1572,160,26,1506,66,528,462,66,1044,1044,0,65,51,14,41,27,14,24,24,0,159,1,23,3,0,0,0,26,23,3,70,70,0,0,0,0,70,70,0,102,102,0
LA-505,Monroe/Northeast Louisiana,188,6,26,175,13,87,74,13,101,101,0,8,5,3,8,5,3,0,0,0,5,1,25,1,5,5,0,21,20,1,6,6,0,0,0,0,6,6,0,9,9,0
NJ-513,Somerset County,218,92,25,209,9,167,158,9,51,51,0,1,1,0,1,1,0,0,0,0,90,2,24,1,8,8,0,17,16,1,7,7,0,0,0,0,7,7,0,7,7,0
TN-509,Appalachian Regional,448,56,25,299,149,366,217,149,82,82,0,117,56,61,117,56,61,0,0,0,40,16,7,18,3,2,1,22,5,17,5,5,0,0,0,0,5,5,0,4,4,0
MD-505,Baltimore County,763,41,25,448,315,383,214,169,380,234,146,108,30,78,87,18,69,21,12,9,17,24,14,11,0,0,0,25,14,11,13,10,3,0,0,0,13,10,3,17,14,3
FL-515,"Panama City/Bay, Jackson Counties",310,39,25,174,136,266,139,127,44,35,9,30,10,20,25,5,20,5,5,0,10,29,20,5,7,7,0,18,13,5,1,1,0,0,0,0,1,1,0,1,1,0
OH-501,Toledo/Lucas County,599,30,25,584,15,388,373,15,211,211,0,31,31,0,24,24,0,7,7,0,29,1,21,4,1,0,1,24,21,3,15,15,0,0,0,0,15,15,0,27,27,0
MD-600,Prince George`s County/Maryland,544,26,25,442,102,236,138,98,308,304,4,20,7,13,20,7,13,0,0,0,19,7,18,7,3,2,1,22,16,6,25,25,0,0,0,0,25,25,0,41,41,0
WV-503,"Charleston/Kanawha, Putnam, Boone, Clay Counties",320,24,25,288,32,266,234,32,54,54,0,40,29,11,40,29,11,0,0,0,19,5,25,0,5,5,0,20,20,0,1,1,0,0,0,0,1,1,0,2,2,0
MA-511,Quincy/Brockton/Weymouth/Plymouth City and County,1692,60,24,1654,38,399,361,38,1293,1293,0,270,254,16,93,77,16,177,177,0,59,1,21,3,0,0,0,24,21,3,92,92,0,3,3,0,89,89,0,93,93,0
MI-514,Battle Creek/Calhoun County,246,33,24,209,37,171,134,37,75,75,0,25,17,8,25,17,8,0,0,0,29,4,14,10,0,0,0,24,14,10,3,3,0,0,0,0,3,3,0,3,3,0
CA-517,Napa City & County,317,22,24,199,118,235,127,108,82,72,10,98,57,41,94,53,41,4,4,0,8,14,20,4,0,0,0,24,20,4,5,5,0,1,1,0,4,4,0,10,10,0
MD-601,Montgomery County,981,17,24,885,96,623,527,96,358,358,0,151,107,44,145,101,44,6,6,0,12,5,24,0,0,0,0,24,24,0,19,19,0,0,0,0,19,19,0,32,32,0
NJ-515,Elizabeth/Union County,513,7,24,451,62,247,198,49,266,253,13,19,10,9,19,10,9,0,0,0,7,0,23,1,0,0,0,24,23,1,29,28,1,0,0,0,29,28,1,32,31,1
NC-501,Asheville/Buncombe County,509,196,23,437,72,472,400,72,37,37,0,74,34,40,72,32,40,2,2,0,192,4,17,6,5,5,0,18,12,6,5,5,0,0,0,0,5,5,0,4,4,0
MA-508,Lowell,594,36,23,575,19,210,191,19,384,384,0,63,63,0,61,61,0,2,2,0,36,0,22,1,0,0,0,23,22,1,10,10,0,0,0,0,10,10,0,11,11,0
OR-507,Clackamas County,463,33,23,155,308,298,17,281,165,138,27,211,2,209,194,0,194,17,2,15,0,33,7,16,1,0,1,22,7,15,16,16,0,0,0,0,16,16,0,14,14,0
NJ-506,Jersey City/Bayonne/Hudson County,829,30,23,603,226,584,360,224,245,243,2,137,14,123,137,14,123,0,0,0,18,12,13,10,0,0,0,23,13,10,20,19,1,0,0,0,20,19,1,28,27,1
NC-500,Winston Salem/Forsyth County,544,67,22,506,38,400,362,38,144,144,0,95,78,17,95,78,17,0,0,0,61,6,20,2,0,0,0,22,20,2,12,12,0,0,0,0,12,12,0,17,17,0
NH-502,Nashua/Hillsborough County,296,63,22,283,13,182,174,8,114,109,5,12,6,6,12,6,6,0,0,0,63,0,20,2,0,0,0,22,20,2,2,2,0,0,0,0,2,2,0,5,5,0
FL-503,Lakeland/Winter Haven/Polk County,635,42,22,375,260,417,201,216,218,174,44,88,20,68,79,14,65,9,6,3,20,22,12,10,3,3,0,19,9,10,4,3,1,0,0,0,4,3,1,7,4,3
MI-515,Monroe City & County,176,27,22,173,3,131,128,3,45,45,0,11,10,1,5,4,1,6,6,0,27,0,22,0,7,7,0,15,15,0,3,3,0,0,0,0,3,3,0,7,7,0
PA-511,Bristol/Bensalem/Bucks County,530,13,22,500,30,200,175,25,330,325,5,22,17,5,22,17,5,0,0,0,10,3,22,0,2,2,0,20,20,0,32,31,1,0,0,0,32,31,1,48,46,2
IL-503,Champaign/Urbana/Rantoul/Champaign County,188,10,22,170,18,124,108,16,64,62,2,5,0,5,5,0,5,0,0,0,8,2,22,0,2,2,0,20,20,0,3,3,0,0,0,0,3,3,0,5,5,0
NJ-510,Lakewood Township/Ocean County,429,2,22,375,54,174,120,54,255,255,0,73,57,16,51,35,16,22,22,0,1,1,19,3,3,3,0,19,16,3,5,5,0,0,0,0,5,5,0,8,8,0
NY-510,Ithaca/Tompkins County,86,2,22,56,30,66,36,30,20,20,0,4,4,0,4,4,0,0,0,0,0,2,20,2,0,0,0,22,20,2,6,6,0,0,0,0,6,6,0,7,7,0
MI-509,Ann Arbor/Washtenaw County,342,41,21,301,41,263,222,41,79,79,0,63,47,16,55,39,16,8,8,0,41,0,19,2,1,1,0,20,18,2,2,2,0,0,0,0,2,2,0,3,3,0
TN-500,Chattanooga/Southeast Tennessee,527,53,20,450,77,361,286,75,166,164,2,91,49,42,81,39,42,10,10,0,43,10,15,5,0,0,0,20,15,5,16,16,0,0,0,0,16,16,0,21,21,0
VT-501,Burlington/Chittenden County,332,31,20,270,62,205,143,62,127,127,0,68,37,31,61,30,31,7,7,0,24,7,17,3,0,0,0,20,17,3,5,5,0,0,0,0,5,5,0,5,5,0
NJ-514,Trenton/Mercer County,465,15,20,421,44,334,290,44,131,131,0,20,2,18,20,2,18,0,0,0,13,2,18,2,3,3,0,17,15,2,20,20,0,0,0,0,20,20,0,25,25,0
NJ-509,Morris County,410,15,20,376,34,245,214,31,165,162,3,34,24,10,24,14,10,10,10,0,14,1,19,1,0,0,0,20,19,1,6,6,0,0,0,0,6,6,0,8,8,0
WV-501,"Huntington/Cabell, Wayne Counties",228,11,20,212,16,136,120,16,92,92,0,13,5,8,13,5,8,0,0,0,8,3,19,1,0,0,0,20,19,1,8,8,0,0,0,0,8,8,0,14,14,0
NY-512,Troy/Rensselaer County,179,3,20,167,12,85,73,12,94,94,0,19,18,1,13,12,1,6,6,0,3,0,19,1,1,0,1,19,19,0,8,8,0,0,0,0,8,8,0,8,8,0
UT-504,Provo/Mountainland,178,3,20,137,41,107,66,41,71,71,0,9,5,4,9,5,4,0,0,0,2,1,16,4,8,8,0,12,8,4,0,0,0,0,0,0,0,0,0,0,0,0
MO-602,"Joplin/Jasper, Newton Counties",297,54,19,238,59,215,159,56,82,79,3,19,19,0,19,19,0,0,0,0,51,3,17,2,4,4,0,15,13,2,10,10,0,0,0,0,10,10,0,18,18,0
VA-502,Roanoke City & County/Salem,308,45,19,301,7,218,211,7,90,90,0,73,71,2,65,63,2,8,8,0,44,1,19,0,0,0,0,19,19,0,5,5,0,0,0,0,5,5,0,7,7,0
IL-517,Aurora/Elgin/Kane County,355,17,19,341,14,269,255,14,86,86,0,76,67,9,74,65,9,2,2,0,16,1,19,0,0,0,0,19,19,0,4,4,0,0,0,0,4,4,0,4,4,0
NJ-511,Paterson/Passaic County,432,8,19,396,36,191,158,33,241,238,3,27,18,9,19,10,9,8,8,0,4,4,19,0,0,0,0,19,19,0,24,24,0,0,0,0,24,24,0,35,35,0
AR-505,Southeast Arkansas,89,2,19,78,11,46,40,6,43,38,5,26,26,0,1,1,0,25,25,0,2,0,19,0,14,14,0,5,5,0,2,2,0,0,0,0,2,2,0,2,2,0
MA-507,Pittsfield/Berkshire County,653,266,18,625,28,455,427,28,198,198,0,80,68,12,48,36,12,32,32,0,265,1,17,1,0,0,0,18,17,1,10,10,0,0,0,0,10,10,0,16,16,0
LA-502,Shreveport/Bossier/Northwest,478,105,18,413,65,368,303,65,110,110,0,17,7,10,17,7,10,0,0,0,105,0,18,0,2,2,0,16,16,0,9,9,0,0,0,0,9,9,0,16,16,0
NC-506,"Wilmington/Brunswick, New Hanover, Pender Counties",389,52,18,261,128,290,169,121,99,92,7,81,21,60,81,21,60,0,0,0,33,19,9,9,5,5,0,13,4,9,0,0,0,0,0,0,0,0,0,0,0,0
PA-501,Harrisburg/Dauphin County,433,50,18,390,43,235,195,40,198,195,3,42,28,14,42,28,14,0,0,0,44,6,13,5,0,0,0,18,13,5,11,11,0,0,0,0,11,11,0,15,15,0
TN-503,Central Tennessee,296,48,18,270,26,227,201,26,69,69,0,32,30,2,22,20,2,10,10,0,46,2,18,0,0,0,0,18,18,0,2,2,0,0,0,0,2,2,0,2,2,0
AL-505,Gadsden/Northeast Alabama,167,13,18,91,76,133,70,63,34,21,13,22,11,11,22,11,11,0,0,0,5,8,16,2,14,14,0,4,2,2,1,1,0,0,0,0,1,1,0,1,1,0
MI-519,Holland/Ottawa County,261,8,18,257,4,110,106,4,151,151,0,9,6,3,6,3,3,3,3,0,8,0,17,1,0,0,0,18,17,1,7,7,0,0,0,0,7,7,0,10,10,0
MN-508,Moorhead/West Central Minnesota,211,8,18,199,12,104,92,12,107,107,0,24,21,3,20,17,3,4,4,0,7,1,16,2,2,2,0,16,14,2,14,14,0,0,0,0,14,14,0,18,18,0
MI-516,Norton Shores/Muskegon City & County,191,4,18,184,7,104,97,7,87,87,0,5,1,4,5,1,4,0,0,0,4,0,16,2,1,1,0,17,15,2,9,9,0,1,1,0,8,8,0,19,19,0
FL-512,Saint Johns County,1064,36,17,255,809,781,75,706,283,180,103,35,6,29,35,6,29,0,0,0,9,27,1,16,8,0,8,9,1,8,11,7,4,0,0,0,11,7,4,16,12,4
NY-522,Jefferson/Lewis/St. Lawrence Counties,119,15,17,110,9,96,87,9,23,23,0,8,2,6,8,2,6,0,0,0,13,2,17,0,0,0,0,17,17,0,0,0,0,0,0,0,0,0,0,0,0,0
AL-501,Mobile City & County/Baldwin County,623,66,16,387,236,477,253,224,146,134,12,80,30,50,80,30,50,0,0,0,56,10,11,5,0,0,0,16,11,5,7,6,1,0,0,0,7,6,1,9,8,1
NJ-507,New Brunswick/Middlesex County,457,14,16,373,84,229,158,71,228,215,13,44,19,25,35,10,25,9,9,0,10,4,13,3,0,0,0,16,13,3,11,11,0,0,0,0,11,11,0,13,13,0
VA-514,"Fredericksburg/Spotsylvania, Stafford Counties",209,13,16,175,34,127,93,34,82,82,0,13,5,8,13,5,8,0,0,0,9,4,9,7,0,0,0,16,9,7,0,0,0,0,0,0,0,0,0,0,0,0
MD-509,Frederick City & County,349,12,16,220,129,249,120,129,100,100,0,133,56,77,133,56,77,0,0,0,8,4,6,10,0,0,0,16,6,10,4,4,0,0,0,0,4,4,0,6,6,0
NY-516,Clinton County,132,1,16,130,2,94,92,2,38,38,0,12,10,2,12,10,2,0,0,0,1,0,16,0,0,0,0,16,16,0,4,4,0,0,0,0,4,4,0,6,6,0
NC-511,Fayetteville/Cumberland County,515,43,15,224,291,341,81,260,174,143,31,80,1,79,74,1,73,6,0,6,18,25,6,9,0,0,0,15,6,9,5,2,3,0,0,0,5,2,3,9,5,4
NH-501,Manchester,400,35,15,346,54,202,150,52,198,196,2,56,37,19,51,32,19,5,5,0,33,2,10,5,0,0,0,15,10,5,18,18,0,0,0,0,18,18,0,20,20,0
MA-510,Gloucester/Haverhill/Salem/Essex County,1206,31,15,1145,61,240,181,59,966,964,2,99,82,17,39,24,15,60,58,2,28,3,12,3,0,0,0,15,12,3,34,34,0,0,0,0,34,34,0,68,68,0
MD-513,Wicomico/Somerset/Worcester County,262,19,15,225,37,213,178,35,49,47,2,33,17,16,33,17,16,0,0,0,17,2,13,2,0,0,0,15,13,2,3,3,0,0,0,0,3,3,0,4,4,0
CA-525,El Dorado County,269,17,15,121,148,192,100,92,77,21,56,139,48,91,95,45,50,44,3,41,6,11,10,5,6,6,0,9,4,5,0,0,0,0,0,0,0,0,0,0,0,0
TX-604,Waco/McLennan County,267,17,15,224,43,120,77,43,147,147,0,35,14,21,25,4,21,10,10,0,11,6,11,4,2,0,2,13,11,2,3,3,0,0,0,0,3,3,0,7,7,0
PA-504,Lower Marion/Norristown/Abington/Montgomery County,398,9,15,378,20,163,143,20,235,235,0,17,13,4,15,11,4,2,2,0,7,2,12,3,0,0,0,15,12,3,2,2,0,0,0,0,2,2,0,5,5,0
NJ-516,"Warren, Sussex, Hunterdon Counties",253,73,14,235,18,182,164,18,71,71,0,25,22,3,23,20,3,2,2,0,73,0,12,2,0,0,0,14,12,2,6,6,0,0,0,0,6,6,0,6,6,0
VA-505,Newport News/Hampton/Virginia Peninsula,464,65,14,407,57,319,262,57,145,145,0,53,35,18,53,35,18,0,0,0,58,7,13,1,0,0,0,14,13,1,5,5,0,0,0,0,5,5,0,9,9,0
LA-500,Lafayette/Acadiana,463,38,14,350,113,299,186,113,164,164,0,62,13,49,62,13,49,0,0,0,27,11,9,5,0,0,0,14,9,5,8,8,0,0,0,0,8,8,0,20,20,0
IL-513,Springfield/Sangamon County,261,22,14,246,15,176,161,15,85,85,0,38,25,13,38,25,13,0,0,0,21,1,14,0,3,3,0,11,11,0,3,3,0,0,0,0,3,3,0,6,6,0
MI-502,Dearborn/Dearborn Heights/Westland/Wayne County,277,17,14,266,11,132,121,11,145,145,0,9,8,1,9,8,1,0,0,0,16,1,12,2,4,4,0,10,8,2,4,4,0,0,0,0,4,4,0,5,5,0
MS-503,Gulf Port/Gulf Coast Regional,320,13,14,113,207,249,50,199,71,63,8,38,9,29,38,9,29,0,0,0,4,9,5,9,0,0,0,14,5,9,1,0,1,0,0,0,1,0,1,1,0,1
VA-508,Lynchburg,174,12,14,153,21,125,104,21,49,49,0,17,10,7,17,10,7,0,0,0,12,0,13,1,0,0,0,14,13,1,2,2,0,0,0,0,2,2,0,3,3,0
MA-515,Fall River,386,5,14,379,7,127,120,7,259,259,0,60,59,1,27,26,1,33,33,0,1,4,14,0,0,0,0,14,14,0,7,7,0,2,2,0,5,5,0,13,13,0
NC-502,Durham City & County,354,71,13,322,32,237,205,32,117,117,0,57,48,9,57,48,9,0,0,0,70,1,12,1,0,0,0,13,12,1,9,9,0,0,0,0,9,9,0,16,16,0
KS-503,Topeka/Shawnee County,381,40,13,334,47,272,225,47,109,109,0,194,181,13,94,81,13,100,100,0,31,9,12,1,0,0,0,13,12,1,1,1,0,0,0,0,1,1,0,1,1,0
PA-508,Scranton/Lackawanna County,242,36,13,231,11,116,105,11,126,126,0,13,8,5,13,8,5,0,0,0,36,0,11,2,1,1,0,12,10,2,14,14,0,1,1,0,13,13,0,19,19,0
WI-502,Racine City & County,196,33,13,195,1,123,122,1,73,73,0,2,2,0,2,2,0,0,0,0,33,0,13,0,4,4,0,9,9,0,2,2,0,0,0,0,2,2,0,2,2,0
OK-506,Southwest Oklahoma Regional,187,33,13,147,40,103,66,37,84,81,3,15,5,10,15,5,10,0,0,0,7,26,12,1,0,0,0,13,12,1,0,0,0,0,0,0,0,0,0,0,0,0
OH-504,Youngstown/Mahoning County,346,30,13,308,38,217,190,27,129,118,11,43,28,15,43,28,15,0,0,0,27,3,10,3,8,7,1,5,3,2,1,0,1,0,0,0,1,0,1,1,0,1
VA-513,"Harrisburg, Winchester/Western Virginia",268,10,13,261,7,173,166,7,95,95,0,69,63,6,64,58,6,5,5,0,10,0,13,0,0,0,0,13,13,0,3,3,0,0,0,0,3,3,0,5,5,0
MD-512,Hagerstown/Washington County,233,46,12,160,73,187,127,60,46,33,13,27,15,12,27,15,12,0,0,0,37,9,8,4,0,0,0,12,8,4,0,0,0,0,0,0,0,0,0,0,0,0
LA-506,Slidell/Southeast Louisiana,275,39,12,215,60,208,156,52,67,59,8,24,9,15,24,9,15,0,0,0,33,6,9,3,0,0,0,12,9,3,3,2,1,0,0,0,3,2,1,6,5,1
MA-503,Cape Cod/Islands,394,23,12,327,67,214,149,65,180,178,2,56,16,40,56,16,40,0,0,0,17,6,4,8,5,0,5,7,4,3,17,17,0,0,0,0,17,17,0,18,18,0
IL-506,Joliet/Bolingbrook/Will County,290,23,12,242,48,195,154,41,95,88,7,17,3,14,17,3,14,0,0,0,20,3,9,3,0,0,0,12,9,3,4,4,0,0,0,0,4,4,0,4,4,0
AL-506,Tuscaloosa City & County,177,19,12,47,130,105,33,72,72,14,58,13,0,13,1,0,1,12,0,12,17,2,0,12,0,0,0,12,0,12,2,1,1,0,0,0,2,1,1,3,2,1
PA-503,Wilkes-Barre/Hazleton/Luzerne County,169,16,12,160,9,109,100,9,60,60,0,2,2,0,2,2,0,0,0,0,16,0,12,0,0,0,0,12,12,0,0,0,0,0,0,0,0,0,0,0,0,0
IL-516,Decatur/Macon County,157,12,12,150,7,110,103,7,47,47,0,23,21,2,23,21,2,0,0,0,12,0,11,1,0,0,0,12,11,1,4,4,0,0,0,0,4,4,0,4,4,0
NV-502,Nevada Balance of State,201,10,12,125,76,125,49,76,76,76,0,27,19,8,10,2,8,17,17,0,6,4,4,8,0,0,0,12,4,8,2,2,0,0,0,0,2,2,0,2,2,0
PA-502,Upper Darby/Chester/Haverford/Delaware County,406,8,12,371,35,247,212,35,159,159,0,26,12,14,26,12,14,0,0,0,8,0,11,1,0,0,0,12,11,1,18,18,0,0,0,0,18,18,0,23,23,0
MN-504,Northeast Minnesota,77,0,12,60,17,37,28,9,40,32,8,2,1,1,2,1,1,0,0,0,0,0,12,0,0,0,0,12,12,0,1,1,0,1,1,0,0,0,0,1,1,0
PA-505,Chester County,558,231,11,553,5,385,380,5,173,173,0,7,7,0,3,3,0,4,4,0,231,0,11,0,5,5,0,6,6,0,3,3,0,0,0,0,3,3,0,4,4,0
VA-604,Prince William County,400,28,11,312,88,187,104,83,213,208,5,57,14,43,52,9,43,5,5,0,17,11,7,4,0,0,0,11,7,4,6,6,0,0,0,0,6,6,0,12,12,0
GA-505,Columbus-Muscogee/Russell County,329,17,11,243,86,272,186,86,57,57,0,35,12,23,35,12,23,0,0,0,11,6,11,0,0,0,0,11,11,0,1,1,0,0,0,0,1,1,0,1,1,0
IL-501,"Rockford/Winnebago, Boone Counties",255,13,11,207,48,175,127,48,80,80,0,47,38,9,47,38,9,0,0,0,6,7,9,2,0,0,0,11,9,2,13,13,0,0,0,0,13,13,0,20,20,0
MA-518,Brookline/Newton,543,12,11,493,50,115,77,38,428,416,12,19,17,2,19,17,2,0,0,0,9,3,8,3,1,1,0,10,7,3,19,19,0,0,0,0,19,19,0,27,27,0
AR-504,Delta Hills,89,0,11,89,0,27,27,0,62,62,0,24,24,0,0,0,0,24,24,0,0,0,11,0,0,0,0,11,11,0,7,7,0,0,0,0,7,7,0,7,7,0
AL-504,Montgomery City & County,367,41,10,293,74,285,214,71,82,79,3,28,18,10,28,18,10,0,0,0,40,1,10,0,0,0,0,10,10,0,3,2,1,0,0,0,3,2,1,6,5,1
IL-508,East Saint Louis/Belleville/Saint Clair County,240,34,10,157,83,132,66,66,108,91,17,41,15,26,36,15,21,5,0,5,29,5,6,4,0,0,0,10,6,4,13,11,2,0,0,0,13,11,2,20,16,4
MA-517,Somerville,165,28,10,159,6,100,94,6,65,65,0,22,16,6,20,14,6,2,2,0,28,0,10,0,0,0,0,10,10,0,17,17,0,1,1,0,16,16,0,20,20,0
GA-506,Marietta/Cobb County,405,21,10,314,91,205,136,69,200,178,22,43,2,41,36,2,34,7,0,7,9,12,9,1,0,0,0,10,9,1,7,7,0,0,0,0,7,7,0,9,9,0
OH-508,Canton/Massillon/Alliance/Stark County,460,16,10,423,37,174,137,37,286,286,0,44,27,17,37,20,17,7,7,0,14,2,8,2,0,0,0,10,8,2,12,12,0,0,0,0,12,12,0,17,17,0
OK-504,Norman/Cleveland County,138,12,10,92,46,118,72,46,20,20,0,60,14,46,60,14,46,0,0,0,6,6,7,3,0,0,0,10,7,3,0,0,0,0,0,0,0,0,0,0,0,0
IL-502,Waukegan/North Chicago/Lake County,299,11,10,280,19,143,124,19,156,156,0,32,27,5,16,11,5,16,16,0,9,2,10,0,0,0,0,10,10,0,8,8,0,0,0,0,8,8,0,17,17,0
MN-511,Southwest Minnesota,123,6,10,117,6,35,29,6,88,88,0,5,5,0,3,3,0,2,2,0,3,3,10,0,2,2,0,8,8,0,8,8,0,0,0,0,8,8,0,5,5,0
MI-518,Livingston County,77,2,10,75,2,39,37,2,38,38,0,1,0,1,1,0,1,0,0,0,2,0,10,0,2,2,0,8,8,0,0,0,0,0,0,0,0,0,0,0,0,0
MD-503,Annapolis/Anne Arundel County,390,28,9,338,52,225,178,47,165,160,5,70,43,27,65,43,22,5,0,5,23,5,7,2,0,0,0,9,7,2,13,13,0,0,0,0,13,13,0,12,12,0
WA-507,Yakima City & County,412,15,9,348,64,211,153,58,201,195,6,72,48,24,70,46,24,2,2,0,10,5,8,1,0,0,0,9,8,1,13,13,0,0,0,0,13,13,0,22,22,0
IA-500,"Sioux City/Dakota, Woodbury Counties",348,15,9,339,9,163,154,9,185,185,0,17,13,4,13,9,4,4,4,0,15,0,8,1,0,0,0,9,8,1,21,21,0,0,0,0,21,21,0,44,44,0
GA-503,Athens/Clarke County,224,14,9,148,76,156,89,67,68,59,9,49,19,30,49,19,30,0,0,0,8,6,7,2,0,0,0,9,7,2,1,1,0,0,0,0,1,1,0,1,1,0
NY-606,Rockland County,141,9,9,109,32,124,92,32,17,17,0,16,5,11,16,5,11,0,0,0,4,5,9,0,0,0,0,9,9,0,1,1,0,0,0,0,1,1,0,1,1,0
OK-500,North Central Oklahoma,129,9,9,78,51,73,30,43,56,48,8,12,2,10,12,2,10,0,0,0,3,6,4,5,0,0,0,9,4,5,6,6,0,0,0,0,6,6,0,8,8,0
IL-519,West Central Illinois,102,5,9,102,0,72,72,0,30,30,0,3,3,0,3,3,0,0,0,0,5,0,9,0,0,0,0,9,9,0,1,1,0,0,0,0,1,1,0,3,3,0
KS-505,Overland Park/Shawnee/Johnson County,153,2,9,143,10,29,19,10,124,124,0,0,0,0,0,0,0,0,0,0,2,0,2,7,1,0,1,8,2,6,3,3,0,0,0,0,3,3,0,7,7,0
MI-511,Lenawee County,137,2,9,119,18,51,47,4,86,72,14,16,13,3,9,9,0,7,4,3,2,0,8,1,3,3,0,6,5,1,3,3,0,0,0,0,3,3,0,3,3,0
NY-513,"Wayne, Ontario, Seneca, Yates Counties",58,1,9,58,0,34,34,0,24,24,0,33,33,0,18,18,0,15,15,0,1,0,9,0,4,4,0,5,5,0,2,2,0,0,0,0,2,2,0,2,2,0
NY-514,Jamestown/Dunkirk/Chautauqua County,23,0,9,23,0,16,16,0,7,7,0,0,0,0,0,0,0,0,0,0,0,0,9,0,1,1,0,8,8,0,1,1,0,0,0,0,1,1,0,1,1,0
FL-602,Punta Gorda/Charlotte County,388,65,8,134,254,223,79,144,165,55,110,76,10,66,71,5,66,5,5,0,55,10,3,5,0,0,0,8,3,5,39,3,36,0,0,0,39,3,36,39,3,36
VI-500,Virgin Islands,341,32,8,89,252,308,56,252,33,33,0,26,8,18,26,8,18,0,0,0,2,30,0,8,0,0,0,8,0,8,0,0,0,0,0,0,0,0,0,0,0,0
MO-603,"St. Joseph/Andrew, Buchanan, DeKalb Counties",195,20,8,185,10,108,98,10,87,87,0,45,41,4,34,30,4,11,11,0,18,2,8,0,0,0,0,8,8,0,8,8,0,0,0,0,8,8,0,16,16,0
VA-504,Charlottesville,157,16,8,135,22,111,89,22,46,46,0,33,17,16,30,14,16,3,3,0,12,4,8,0,1,1,0,7,7,0,3,3,0,0,0,0,3,3,0,3,3,0
TN-506,Oak Ridge/Upper Cumberland,249,13,8,187,62,135,101,34,114,86,28,30,17,13,27,14,13,3,3,0,10,3,7,1,0,0,0,8,7,1,6,6,0,0,0,0,6,6,0,8,8,0
MD-504,Howard County,214,7,8,205,9,112,105,7,102,100,2,47,41,6,28,24,4,19,17,2,6,1,8,0,0,0,0,8,8,0,0,0,0,0,0,0,0,0,0,0,0,0
VA-603,City of Alexandria,224,5,8,212,12,129,117,12,95,95,0,47,36,11,47,36,11,0,0,0,5,0,8,0,0,0,0,8,8,0,6,6,0,0,0,0,6,6,0,12,12,0
MD-506,Carroll County,136,3,8,136,0,70,70,0,66,66,0,10,10,0,10,10,0,0,0,0,3,0,8,0,0,0,0,8,8,0,2,2,0,0,0,0,2,2,0,2,2,0
MD-507,Cecil County,167,44,7,116,51,99,54,45,68,62,6,30,4,26,22,2,20,8,2,6,37,7,0,7,0,0,0,7,0,7,2,2,0,0,0,0,2,2,0,2,2,0
GU-500,Guam,1085,21,7,112,973,227,18,209,858,94,764,55,0,55,15,0,15,40,0,40,6,15,4,3,1,1,0,6,3,3,10,1,9,0,0,0,10,1,9,11,1,10
CA-529,Lake County,332,21,7,44,288,210,2,208,122,42,80,24,24,0,12,12,0,12,12,0,0,21,2,5,1,0,1,6,2,4,5,5,0,0,0,0,5,5,0,7,7,0
NJ-508,Monmouth County,344,17,7,299,45,187,152,35,157,147,10,74,41,33,49,26,23,25,15,10,13,4,7,0,0,0,0,7,7,0,15,15,0,0,0,0,15,15,0,23,23,0
MD-502,Harford County,179,9,7,169,10,95,85,10,84,84,0,14,11,3,14,11,3,0,0,0,9,0,7,0,0,0,0,7,7,0,3,3,0,0,0,0,3,3,0,8,8,0
MI-517,Jackson City & County,169,5,7,162,7,57,53,4,112,109,3,2,1,1,2,1,1,0,0,0,5,0,7,0,0,0,0,7,7,0,6,6,0,0,0,0,6,6,0,13,13,0
IL-509,Dekalb City & County,81,2,7,77,4,43,39,4,38,38,0,0,0,0,0,0,0,0,0,0,2,0,6,1,0,0,0,7,6,1,0,0,0,0,0,0,0,0,0,0,0,0
MI-513,"Marquette, Alger Counties",70,2,7,68,2,26,24,2,44,44,0,1,0,1,1,0,1,0,0,0,2,0,7,0,0,0,0,7,7,0,9,9,0,0,0,0,9,9,0,14,14,0
PA-510,Lancaster City & County,356,17,6,349,7,162,155,7,194,194,0,6,5,1,6,5,1,0,0,0,17,0,5,1,0,0,0,6,5,1,13,13,0,0,0,0,13,13,0,15,15,0
CA-612,Glendale,240,10,6,185,55,176,133,43,64,52,12,115,80,35,95,65,30,20,15,5,2,8,4,2,0,0,0,6,4,2,3,3,0,0,0,0,3,3,0,3,3,0
MA-519,Attleboro/Taunton/Bristol County,243,6,6,216,27,56,29,27,187,187,0,30,18,12,13,1,12,17,17,0,1,5,1,5,0,0,0,6,1,5,10,10,0,0,0,0,10,10,0,10,10,0
VA-600,Arlington County,174,5,6,155,19,124,105,19,50,50,0,41,28,13,41,28,13,0,0,0,5,0,6,0,0,0,0,6,6,0,8,8,0,0,0,0,8,8,0,9,9,0
TX-701,Bryan/College Station/Brazos Valley,161,4,6,150,11,80,74,6,81,76,5,10,6,4,10,6,4,0,0,0,4,0,6,0,0,0,0,6,6,0,1,1,0,0,0,0,1,1,0,1,1,0
NY-607,Sullivan County,163,2,6,163,0,90,90,0,73,73,0,3,3,0,3,3,0,0,0,0,2,0,6,0,1,1,0,5,5,0,3,3,0,0,0,0,3,3,0,3,3,0
GA-504,Augusta,287,48,5,266,21,192,174,18,95,92,3,42,29,13,35,26,9,7,3,4,46,2,5,0,0,0,0,5,5,0,0,0,0,0,0,0,0,0,0,0,0,0
AR-508,Old Fort Homeless Coalition,166,18,5,111,55,131,88,43,35,23,12,54,24,30,48,24,24,6,0,6,14,4,4,1,0,0,0,5,4,1,0,0,0,0,0,0,0,0,0,0,0,0
CA-527,Tehama County,133,16,5,73,60,103,48,55,30,25,5,31,8,23,29,8,21,2,0,2,8,8,1,4,0,0,0,5,1,4,1,1,0,0,0,0,1,1,0,1,1,0
VA-507,Portsmouth,169,10,5,124,45,119,74,45,50,50,0,12,12,0,12,12,0,0,0,0,5,5,4,1,0,0,0,5,4,1,2,2,0,0,0,0,2,2,0,2,2,0
WV-500,Wheeling/Weirton Area,91,9,5,88,3,64,61,3,27,27,0,28,27,1,26,25,1,2,2,0,8,1,5,0,0,0,0,5,5,0,1,1,0,0,0,0,1,1,0,2,2,0
IL-504,Madison County,199,7,5,176,23,51,34,17,148,142,6,23,5,18,11,5,6,12,0,12,6,1,3,2,0,0,0,5,3,2,9,9,0,0,0,0,9,9,0,13,13,0
VA-602,Loudoun County,134,4,5,115,19,65,46,19,69,69,0,16,9,7,16,9,7,0,0,0,3,1,4,1,0,0,0,5,4,1,0,0,0,0,0,0,0,0,0,0,0,0
AL-502,Florence/Northwest Alabama,337,19,4,286,51,194,155,39,143,131,12,39,20,19,32,13,19,7,7,0,17,2,2,2,0,0,0,4,2,2,0,0,0,0,0,0,0,0,0,0,0,0
CA-523,"Colusa, Glenn, Trinity Counties",115,7,4,35,80,71,4,67,44,31,13,33,3,30,31,1,30,2,2,0,0,7,0,4,0,0,0,4,0,4,1,1,0,0,0,0,1,1,0,1,1,0
MD-500,Cumberland/Allegany County,124,1,4,84,40,76,39,37,48,45,3,12,4,8,12,4,8,0,0,0,1,0,1,3,0,0,0,4,1,3,0,0,0,0,0,0,0,0,0,0,0,0
NC-513,Chapel Hill/Orange County,80,7,3,65,15,70,55,15,10,10,0,16,2,14,16,2,14,0,0,0,5,2,3,0,0,0,0,3,3,0,1,1,0,0,0,0,1,1,0,1,1,0
NY-504,Cattaragus County,27,1,3,27,0,20,20,0,7,7,0,1,1,0,1,1,0,0,0,0,1,0,3,0,1,1,0,2,2,0,1,1,0,1,1,0,0,0,0,1,1,0
NY-519,Columbia/Greene County,116,0,3,114,2,52,50,2,64,64,0,17,16,1,10,9,1,7,7,0,0,0,3,0,0,0,0,3,3,0,9,9,0,0,0,0,9,9,0,15,15,0
LA-507,Alexandria/Central Louisiana,167,33,2,113,54,129,75,54,38,38,0,7,2,5,7,2,5,0,0,0,27,6,1,1,0,0,0,2,1,1,3,3,0,1,1,0,2,2,0,4,4,0
LA-508,Houma-Terrebonne/Thibodaux,146,18,2,143,3,48,45,3,98,98,0,3,1,2,3,1,2,0,0,0,18,0,2,0,0,0,0,2,2,0,4,4,0,0,0,0,4,4,0,8,8,0
CA-615,"Inyo, Mono, Alpine Counties",130,8,2,11,119,110,1,109,20,10,10,33,0,33,31,0,31,2,0,2,0,8,0,2,0,0,0,2,0,2,3,3,0,0,0,0,3,3,0,7,7,0
IL-515,South Central Illinois,133,1,2,121,12,44,32,12,89,89,0,5,5,0,1,1,0,4,4,0,1,0,2,0,0,0,0,2,2,0,1,1,0,0,0,0,1,1,0,1,1,0
MD-510,Garrett County,20,0,2,20,0,10,10,0,10,10,0,0,0,0,0,0,0,0,0,0,0,0,2,0,0,0,0,2,2,0,1,1,0,0,0,0,1,1,0,2,2,0
TX-611,Amarillo,592,57,1,572,20,445,425,20,147,147,0,85,79,6,75,69,6,10,10,0,54,3,0,1,0,0,0,1,0,1,35,35,0,0,0,0,35,35,0,35,35,0
MD-511,Mid-Shore Regional,138,7,1,112,26,88,68,20,50,44,6,23,18,5,23,18,5,0,0,0,4,3,1,0,0,0,0,1,1,0,0,0,0,0,0,0,0,0,0,0,0,0
MA-502,Lynn,541,2,1,537,4,113,109,4,428,428,0,6,6,0,6,6,0,0,0,0,2,0,1,0,0,0,0,1,1,0,6,6,0,0,0,0,6,6,0,7,7,0
PA-603,Beaver County,131,1,1,125,6,58,52,6,73,73,0,8,5,3,8,5,3,0,0,0,0,1,1,0,0,0,0,1,1,0,2,2,0,0,0,0,2,2,0,2,2,0
IL-500,McHenry County,154,24,0,150,4,102,98,4,52,52,0,7,7,0,7,7,0,0,0,0,24,0,0,0,0,0,0,0,0,0,2,2,0,0,0,0,2,2,0,2,2,0
AR-512,"Boone, Baxter, Marion, Newton Counties",27,3,0,11,16,14,3,11,13,8,5,12,4,8,5,2,3,7,2,5,0,3,0,0,0,0,0,0,0,0,0,0,0,0,0,0,0,0,0,0,0,0
MI-523,Eaton County,120,1,0,111,9,11,5,6,109,106,3,2,0,2,2,0,2,0,0,0,1,0,0,0,0,0,0,0,0,0,6,6,0,0,0,0,6,6,0,9,9,0
NY-520,Franklin County,27,1,0,25,2,20,20,0,7,5,2,2,0,2,0,0,0,2,0,2,1,0,0,0,0,0,0,0,0,0,0,0,0,0,0,0,0,0,0,0,0,0
